id_sample;collectedAt;cepam_family;cepam_genus;cepam_taxon;accepted_id;powo_family;powo_genus;powo_taxon;powo_authors;zone;1 - Growth ring boundaries distinct;2 - Growth ring boundaries indistinct or absent;3 - Wood ring-porous;4 - Wood semi-ring-porous;5 - Wood diffuse-porous;6 - Vessels in tangential bands;7 - Vessels in diagonal and / or radial pattern;8 - Vessels in dendritic pattern;9 - Vessels exclusively solitary (90% or more);10 - Vessels in radial multiples of 4 or more common;11 - Vessel clusters common;12MH - Solitary vessel outline angular;13 - Simple perforation plates;14 - Scalariform perforation plates;15 - Scalariform perforation plates with <= 10 bars;16 - Scalariform perforation plates with 10 - 20 bars;17 - Scalariform perforation plates with 20 - 40 bars;18 - Scalariform perforation plates with >= 40 bars;19MH - Reticulate, foraminate, and / or other types of multiple perforation plates;20 - Intervessel pits scalariform;21 - Intervessel pits opposite;22 - Intervessel pits alternate;23MH - Shape of alternate pits polygonal;24 - Minute - <= 4 µm;25MH - Small - 4 - 7 µm;26MH - Medium - 7 - 10 µm;27 - Large - >= 10 µm;29MH - Vestured pits;"30 - Vessel-ray pits with distinct borders; similar to intervessel pits in size and shape throughout the ray cell";31MH - Vessel-ray pits with much reduced borders to apparently simple: pits rounded or angular;32MH - Vessel-ray pits with much reduced borders to apparently simple: pits horizontal (scalariform, gash-like) to vertical (palisade);33MH - Vessel-ray pits of two distinct sizes or types in the same ray cell;34MH - Vessel-ray pits unilaterally compound and coarse (over 10 µm);35MH - Vessel-ray pits restricted to marginal rows;36 - Helical thickenings in vessel elements present;37MH - Helical thickenings throughout body of vessel element;38MH - Helical thickenings only in vessel element tails;39MH - Helical thickenings only in narrower vessel elements;40 - <= 50 µm;41 - 254;42 - 100 - 200 µm;43 - >= 200 µm;45MH - Vessels of two distinct diameter classes, wood not ring-porous;46 - <= 5 vessels per square millimetre;47 - 5 - 20 vessels per square millimetre;48 - 20 - 40 vessels per square millimetre;49 - 40 - 100 vessels per square millimetre;50 - >= 100 vessels per square millimetre;52 - <= 350 µm;53 - 350 - 800 µm;54 - >= 800 µm;56 - Tyloses common;57MH - Tyloses sclerotic;58MH - Gums and other deposits in heartwood vessels;61 - Fibres with simple to minutely bordered pits;62 - Fibres with distinctly bordered pits;63MH - Fibre pits common in both radial and tangential walls;64MH - Helical thickenings in ground tissue fibres;65 - Septate fibres present;66MH - Non-septate fibres present;68MH - Fibres very thin-walled;69MH - Fibres thin- to thick-walled;70MH - Fibres very thick-walled;71MH - <= 900 µm;72MH - 900-1600 µm;73MH - >= 1600 µm;75 - Axial parenchyma absent or extremely rare;76 - Axial parenchyma diffuse;77 - Axial parenchyma diffuse-in-aggregates;78 - Axial parenchyma scanty paratracheal;79 - Axial parenchyma vasicentric;80 - Axial parenchyma aliform;81MH - Axial parenchyma lozenge-aliform;82MH - Axial parenchyma winged-aliform;83 - Axial parenchyma confluent;84 - Axial parenchyma unilateral paratracheal;85 - Axial parenchyma bands more than three cells wide;86 - Axial parenchyma in narrow bands or lines up to three cells wide;87MH - Axial parenchyma reticulate;88MH - Axial parenchyma scalariform;89 - Axial parenchyma in marginal or in seemingly marginal bands;90MH - Fusiform parenchyma cells;91MH - Two cells per parenchyma strand;92MH - Four (3-4) cells per parenchyma strand;93MH - Eight (5-8) cells per parenchyma strand;94MH - Over eight cells per parenchyma strand;96 - Rays exclusively uniseriate;97 - Ray width 1 to 3 cells;98 - Larger rays commonly 4 - to 10 seriate;99 - Larger rays commonly > 10-seriate;100 - Rays with multiseriate portion(s) as wide as uniseriate portions;101 - Aggregate rays;102 - Ray height > 1 mm;103 - Rays of two distinct sizes;104 - All ray cells procumbent;105 - All ray cells upright and / or square;106 - Body ray cells procumbent with one row of upright and / or square marginal cells;107 - Body ray cells procumbent with mostly 2-4 rows of upright and / or square marginal cells;108 - Body ray cells procumbent with over 4 rows of upright and / or square marginal cells;109MH - Rays with procumbent, square and upright cells mixed throughout the ray;110 - Sheath cells;111 - Tile cells;112MH - Perforated ray cells;113MH - Disjunctive ray parenchyma cell walls;114 - <= 4 / mm;115 - 4-12 / mm;116 - >= 12 /mm;117MH - Wood rayless;118MH - All rays storied;119MH - Low rays storied, high rays non-storied.;120 - Axial parenchyma and / or vessel elements storied;121MH - Fibres storied;122MH - Rays and / or axial elements irregularly storied;124 - Oil and / or mucilage cells associated with ray parenchyma;125 - Oil and / or mucilage cells associated with axial parenchyma;126 - Oil and / or mucilage cells present among fibres;127MH - Axial canals in long tangential lines;128MH - Axial canals in short tangential lines;129MH - Axial canals diffuse;130 - Radial canals;131 - Intercellular canals of traumatic origin;132MH - Laticifers or tanniniferous tubes;133MH - Included phloem, concentric;134MH - Included phloem, diffuse;135MH - Other cambial variants;136 - Prismatic crystals present;137 - Prismatic crystals in upright and / or square ray cells;138 - Prismatic crystals in procumbent ray cells;139MH - Prismatic crystals in radial alignment in procumbent ray cells;140MH - Prismatic crystals in chambered upright and / or square ray cells;141 - Prismatic crystals in non-chambered axial parenchyma cells;142 - Prismatic crystals in chambered axial parenchyma cells;143MH - Prismatic crystals in fibres;144MH - Druses present;145MH - Druses in ray parenchyma cells;146MH - Druses in axial parenchyma cells;147MH - Druses in fibres;148MH - Druses in chambered cells;149MH - Raphides;150MH - Acicular crystals;151MH - Styloids and / or elongate crystals;152MH - Crystals of other shapes (mostly small);153MH - Crystal sand;154MH - More than one crystal of about the same size per cell or chamber;155MH - Two distinct sizes of crystals per cell or chamber;156 - Crystals in enlarged cells;157MH - Crystals in tyloses;158MH - Cystoliths;159MH - Silica bodies present;160MH - Silica bodies in ray cells;161MH - Silica bodies in axial parenchyma cells;162MH - Silica bodies in fibres
BRS15-01;TVL;ANACARDIACEAE;Searsia;Searsia pentheri;2608657;Anacardiaceae;Searsia;Searsia pentheri;(Zahlbr.) Moffett;;2;3;0;0;3;0;0;0;0;0;0;0;3;0;0;0;0;0;0;0;0;3;0;0;0;0;0;0;0;3;2;3;0;0;1;0;0;0;0;3;0;0;0;0;0;0;3;0;0;0;0;0;2;2;3;0;3;0;3;0;3;0;0;0;0;0;3;0;0;3;0;0;0;0;0;0;0;0;0;0;0;0;0;0;2;0;3;3;0;0;3;0;0;0;0;3;0;0;0;3;0;0;0;0;0;0;3;0;0;0;0;0;0;0;0;0;0;0;0;3;0;0;0;0;0;3;3;0;0;0;0;0;3;0;0;0;0;0;0;0;0;0;0;3;0;2;0;0;0;0;0;0
BRS15-02;TVL;ANACARDIACEAE;Searsia;Searsia pyroides;2608664;Anacardiaceae;Searsia;Searsia pyroides;(Burch.) Moffett;;3;0;0;2;3;0;0;0;2;0;0;0;3;0;0;0;0;0;0;0;0;3;0;0;0;0;0;0;0;3;2;3;0;0;2;0;0;0;0;3;0;0;0;0;0;0;3;0;0;0;0;0;2;1;3;0;0;0;3;3;3;0;0;0;0;0;3;0;0;3;0;0;0;0;0;0;0;0;0;0;0;0;0;0;0;0;3;0;0;0;0;0;2;0;0;3;0;0;0;3;0;0;0;0;0;0;3;0;0;0;0;0;0;0;0;0;0;0;0;3;0;0;0;0;0;3;3;0;0;0;0;0;0;0;0;0;0;0;0;0;0;0;0;0;0;2;0;0;0;0;0;0
BRS15-03;TVL;RHAMNACEAE;Ziziphus ;Ziziphus mucronata;2470721;Rhamnaceae;Ziziphus;Ziziphus mucronata;Willd.;;0;3;0;0;3;0;0;0;0;0;0;0;3;0;0;0;0;0;0;0;0;3;0;0;0;3;0;0;3;0;0;0;0;0;0;0;0;0;0;3;0;0;0;0;0;3;3;0;0;0;0;0;0;0;3;0;0;0;0;3;0;3;0;0;0;0;0;0;0;3;2;0;0;0;0;0;0;0;0;0;0;0;3;3;0;0;3;0;0;0;0;0;0;0;0;3;0;0;0;0;0;0;0;0;0;0;3;0;0;0;0;0;0;0;0;0;0;0;0;0;0;0;0;0;0;3;3;0;0;0;0;3;0;0;0;0;0;0;0;0;0;0;0;0;0;0;0;0;0;0;0;0
BRS15-3-03;TVL;MALVACEAE GREWIOIDEAE;Grewia ;Grewia occidentalis;2833265;Malvaceae;Grewia;Grewia occidentalis;L.;;0;3;0;0;3;0;0;0;0;0;0;2;3;0;0;0;0;0;0;0;0;3;0;3;0;0;0;0;3;0;0;0;0;0;0;0;0;0;0;3;0;0;0;0;3;3;0;0;0;0;0;2;0;0;3;0;2;0;0;3;0;3;0;0;0;0;0;0;0;3;2;2;0;0;0;0;0;0;0;0;0;0;2;3;2;0;0;3;2;0;0;0;2;0;0;0;0;0;0;3;3;3;0;0;0;3;2;0;0;0;0;0;0;0;0;0;0;0;0;0;0;0;0;0;0;2;2;0;0;2;0;0;0;0;0;0;0;0;0;0;0;0;0;0;0;0;0;0;3;0;0;0
BRS18-1-02;TVL;ANACARDIACEAE;Sclerocarya ;Sclerocarya birrea subsp. caffra;2479831;Anacardiaceae;Sclerocarya;Sclerocarya birrea subsp. caffra;(Sond.) Kokwaro;;3;0;0;2;3;0;0;0;0;0;0;0;3;0;0;0;0;0;0;0;0;3;0;0;0;3;0;0;0;3;0;2;0;0;0;0;0;0;0;0;3;0;0;0;0;0;3;0;0;0;0;2;0;0;3;0;2;0;3;0;3;0;0;0;0;0;3;0;0;0;0;0;0;0;0;0;0;0;0;0;0;0;0;0;0;0;0;3;0;0;2;0;0;0;0;0;0;0;0;3;0;0;0;0;0;0;3;0;0;0;0;0;0;0;0;0;0;0;0;3;0;0;0;0;0;3;3;0;0;0;0;0;0;0;0;0;0;0;0;0;0;0;0;0;0;2;0;0;0;0;0;0
BRS18-1-03;TVL;SAPINDACEAE;Pappea ;Pappea capensis;2543085;Sapindaceae;Pappea;Pappea capensis;Eckl. & Zeyh.;;3;0;0;0;3;0;0;0;0;0;0;2;3;0;0;0;0;0;0;0;0;3;0;3;0;0;0;0;3;0;0;0;0;0;0;0;0;0;2;3;0;0;0;0;0;0;3;0;0;0;0;0;0;1;3;0;0;0;3;3;0;3;0;0;0;0;0;0;0;3;3;0;0;0;0;0;0;0;0;0;3;0;0;3;3;0;3;2;0;0;0;0;0;0;3;0;3;0;0;0;0;0;0;0;0;0;3;0;0;0;0;0;0;0;0;0;0;0;0;0;0;0;0;0;0;3;3;3;0;0;0;1;3;0;0;0;0;0;0;0;0;0;0;0;0;0;0;0;0;0;0;0
BRS18-1-04;TVL;MORACEAE;Ficus;Ficus salicifolia;2812165;Moraceae;Ficus;Ficus salicifolia;Vahl;;0;3;0;0;3;0;0;0;0;0;3;0;3;0;0;0;0;0;0;0;0;3;0;0;0;3;3;0;0;3;2;0;0;0;0;0;0;0;0;0;3;0;0;0;3;0;0;0;0;0;0;3;0;0;3;0;3;0;0;3;0;3;0;0;0;0;0;0;0;0;0;0;0;0;0;0;3;0;0;0;0;0;3;3;0;0;0;3;0;0;0;0;0;0;0;2;3;3;0;0;0;0;0;0;0;3;0;0;0;0;3;0;0;0;0;0;0;0;0;0;0;0;0;0;0;3;3;0;0;0;3;0;0;0;0;0;0;0;0;0;0;0;0;0;0;0;0;0;0;0;0;0
BRS18-1-05;TVL;MALVACEAE DOMBEYOIDEAE;Dombeya;Dombeya rotundifolia;2775184;Malvaceae;Dombeya;Dombeya rotundifolia;(Hochst.) Planch.;;3;0;0;3;0;0;0;0;0;0;0;0;3;0;0;0;0;0;0;0;0;3;0;3;0;0;0;0;3;0;0;0;0;0;0;0;0;0;2;3;0;0;0;0;0;0;3;0;0;0;0;0;0;0;3;0;0;0;0;3;0;0;3;0;0;0;0;0;0;3;3;2;0;0;3;0;0;0;0;0;3;0;3;0;0;0;0;3;0;0;0;0;0;0;0;2;3;3;0;0;0;0;0;0;0;3;3;0;0;2;3;0;0;0;0;0;0;0;0;0;0;0;0;0;0;3;0;0;0;0;3;0;0;0;0;0;0;0;0;0;0;0;0;0;0;0;0;0;0;0;0;0
BRS18-1-06;TVL;ANACARDIACEAE;Searsia;Searsia pyroides var. pyroides;3261474;Anacardiaceae;Searsia;Searsia pyroides var. pyroides;;;3;0;0;0;3;0;0;0;3;0;0;0;3;0;0;0;0;0;0;0;0;1;0;0;0;0;0;0;0;3;3;3;0;0;2;0;0;0;0;3;0;0;0;0;0;0;3;0;0;0;0;0;0;0;3;0;0;0;3;3;3;0;0;0;0;0;3;0;0;3;0;0;0;0;0;0;0;0;0;0;0;0;0;2;0;0;3;2;0;0;0;0;0;0;0;3;0;0;0;3;0;0;0;0;0;0;3;0;0;0;0;0;0;0;0;0;0;0;0;3;0;0;0;0;0;3;3;0;0;0;0;0;0;0;0;0;0;0;0;0;0;0;0;0;0;2;0;0;0;0;0;0
BRS18-1-07;TVL;CANNABACEAE;Celtis ;Celtis africana;2708140;Cannabaceae;Celtis;Celtis africana;Burm.f.;;3;0;0;3;2;0;0;0;0;0;3;0;3;0;0;0;0;0;0;0;0;3;0;0;3;0;0;0;3;3;2;0;0;0;2;2;0;2;0;3;0;0;0;0;0;3;0;0;0;0;0;0;0;0;3;0;0;0;0;3;0;3;2;0;0;0;0;0;0;0;3;3;2;0;3;0;2;2;0;0;3;0;0;3;3;0;0;2;3;0;0;0;0;1;0;0;3;3;0;0;3;0;0;0;0;3;0;0;0;0;0;0;0;0;0;0;0;0;0;0;0;0;0;0;0;3;3;0;0;0;0;0;0;0;0;0;0;0;0;0;0;0;0;0;0;0;0;0;3;3;2;2
BRS18-1-08;TVL;FABACEAE CAESALPINIOIDEAE;Schotia;Schotia brachypetala;2591716;Fabaceae;Schotia;Schotia brachypetala;Sond.;;0;3;0;0;3;0;0;0;0;0;2;0;3;0;0;0;0;0;0;0;0;3;3;0;3;3;0;3;3;0;0;0;0;0;0;0;0;0;0;3;0;0;0;0;3;0;0;0;0;0;0;0;0;3;3;0;0;0;0;3;2;3;0;0;0;0;0;0;0;0;2;3;0;3;3;0;2;2;0;0;0;0;2;3;0;0;0;3;0;0;0;0;0;0;0;0;3;3;0;2;2;0;0;0;0;3;0;0;0;0;2;0;0;0;0;0;0;0;0;0;0;0;0;0;0;3;2;0;0;2;0;3;2;0;0;0;0;0;0;0;0;0;0;0;0;0;0;0;0;0;0;0
BRS18-1-11;TVL;RUBIACEAE;Canthium;Canthium ciliatum;33529;Rubiaceae;Canthium;Canthium ciliatum;(D.Dietr.) Kuntze;;3;0;0;0;3;0;0;0;2;0;0;0;3;0;0;0;0;0;0;0;0;3;0;3;0;0;0;0;3;0;0;0;0;0;0;0;0;0;3;0;0;0;0;0;0;0;0;3;0;0;0;0;0;0;0;3;3;0;0;3;0;2;3;0;0;0;3;3;0;3;0;0;0;0;0;0;0;0;0;0;0;0;0;0;3;3;0;3;0;0;3;0;3;0;0;0;0;3;3;0;0;0;0;0;0;0;3;0;0;0;0;0;0;0;0;0;0;0;0;0;0;0;0;0;0;0;0;0;0;0;0;0;0;0;0;0;0;0;0;0;0;3;0;3;0;0;0;0;0;0;0;0
BRS18-1-12;TVL;RHAMNACEAE;Berchemia;Berchemia zeyheri;2544703;Rhamnaceae;Phyllogeiton;Phyllogeiton zeyheri;(Sond.) Suess.;;3;0;0;0;3;0;0;0;0;2;0;0;3;0;0;0;0;0;0;0;0;3;0;3;0;0;0;0;3;0;0;0;0;0;0;0;0;0;0;3;0;0;0;0;0;0;3;3;0;0;0;0;0;3;3;0;0;0;0;3;0;2;3;0;0;0;3;3;0;3;0;0;0;0;0;0;0;0;0;0;0;0;0;3;3;0;0;3;0;0;0;0;0;0;0;0;3;3;0;0;0;0;0;0;0;3;3;0;0;0;0;0;0;0;0;0;0;0;0;0;0;0;0;0;0;3;3;0;0;0;0;0;0;0;0;0;0;0;0;0;0;0;0;0;0;0;0;0;0;0;0;0
BRS18-1-13;TVL;MALVACEAE GREWIOIDEAE;Grewia ;Grewia flava;2833066;Malvaceae;Grewia;Grewia flava;DC.;;3;0;0;3;0;0;0;0;3;0;0;2;3;0;0;0;0;0;0;0;0;3;0;3;0;0;0;0;3;0;0;0;0;0;0;0;0;0;0;3;0;0;0;0;0;0;3;0;0;0;0;0;0;0;3;0;0;0;0;3;0;3;0;0;0;0;0;0;0;3;0;0;0;0;0;0;3;0;0;0;3;0;3;3;0;0;0;3;0;0;3;0;0;0;0;0;2;2;0;3;0;3;0;0;0;0;3;0;0;3;3;0;0;0;0;0;0;0;0;0;0;0;0;0;0;0;0;0;0;0;0;0;0;0;0;0;0;0;0;0;0;0;0;0;0;0;0;0;0;0;0;0
BRS18-1-14;TVL;URTICACEAE;Pouzolzia ;Pouzolzia mixta;2545092;Urticaceae;Pouzolzia;Pouzolzia mixta;Solms;;2;0;0;0;3;0;0;0;0;0;0;2;3;0;0;0;0;0;0;0;0;3;0;0;3;3;0;0;0;3;3;0;0;0;1;0;0;1;0;3;0;0;0;0;3;0;0;0;0;0;0;3;0;0;3;0;0;0;3;0;3;0;0;0;0;0;3;0;0;3;2;0;0;0;0;0;0;0;0;0;0;0;1;1;0;0;0;2;3;0;0;0;0;0;0;3;0;0;0;0;3;0;0;0;3;3;0;0;0;0;0;0;0;0;0;0;0;0;0;0;0;0;0;0;0;0;0;0;0;0;0;0;0;1;0;0;0;0;0;0;0;0;0;0;0;0;0;0;1;0;1;1
BRS18-1-15;TVL;FABACEAE CAESALPINIOIDEAE;Peltophorum ;Peltophorum africanum;2538309;Fabaceae;Peltophorum;Peltophorum africanum;Sond.;;3;0;0;2;3;0;0;0;0;0;0;0;3;0;0;0;0;0;0;0;0;3;0;3;0;0;0;3;3;0;0;0;0;0;0;0;0;0;0;3;0;0;0;0;0;3;3;0;0;0;0;0;0;3;3;0;3;0;3;3;2;3;0;0;0;0;0;0;0;0;3;3;3;0;3;0;0;0;0;0;3;0;3;3;0;0;3;2;0;0;0;0;0;0;3;0;0;0;0;0;0;0;0;0;0;0;3;0;0;0;0;0;0;0;0;0;0;0;0;0;0;0;0;0;0;3;0;0;0;0;0;3;0;0;0;0;0;0;0;0;0;0;0;0;0;0;0;0;0;0;0;0
BRS18-1-16;TVL;KIRKIACEAE;Kirkia ;Kirkia wilmsii;2335045;Kirkiaceae;Kirkia;Kirkia wilmsii;Engl.;;3;0;0;2;3;2;0;0;0;0;2;0;3;0;0;0;0;0;0;0;0;3;0;0;3;3;0;0;0;3;3;0;0;0;0;0;0;0;0;3;0;0;0;0;0;0;0;3;0;0;0;0;0;3;3;0;3;0;3;2;2;3;0;0;0;0;3;0;0;3;0;0;0;0;0;0;0;0;0;0;0;0;0;3;3;0;0;3;0;0;0;0;0;0;0;0;3;2;0;0;0;0;0;0;0;3;0;0;0;0;0;0;0;0;0;0;0;0;0;0;0;0;0;0;0;0;0;0;0;0;0;0;0;0;0;0;0;0;0;0;0;0;0;0;0;0;0;0;3;3;0;0
BRS18-1-17;TVL;LAMIACEAE;Volkameria;Volkameria glabra;461983;Lamiaceae;Volkameria;Volkameria glabra;(E.Mey.) Mabb. & Y.W.Yuan;;3;0;0;2;3;0;0;0;2;0;0;2;3;0;0;0;0;0;0;0;0;3;0;3;0;0;0;0;3;0;0;0;0;0;0;0;0;0;0;3;0;0;0;0;0;0;3;0;0;0;0;0;0;0;3;0;0;0;3;0;0;3;0;0;0;0;3;0;0;3;0;0;0;0;0;0;0;0;0;0;1;0;2;3;0;0;0;2;3;0;0;0;0;0;0;0;3;3;0;3;3;0;0;0;0;3;0;0;0;0;0;0;0;0;0;0;0;0;0;0;0;0;0;0;0;3;3;3;0;0;0;0;0;0;0;0;0;0;0;0;0;0;0;3;0;0;0;0;0;0;0;0
BRS18-1-18;TVL;RUBIACEAE;Vangueria ;Vangueria infausta;211683;Rubiaceae;Vangueria;Vangueria infausta;Burch.;;2;0;0;0;3;0;0;0;0;0;0;0;3;0;0;0;0;0;0;0;0;3;0;0;3;0;0;2;3;0;0;0;0;0;0;0;0;0;3;3;0;0;0;0;0;0;3;0;0;0;0;0;0;0;0;3;3;0;0;3;0;3;0;0;0;0;0;3;0;3;0;0;0;0;0;0;0;0;0;0;0;0;0;3;2;0;0;3;0;0;0;0;2;0;0;0;0;0;3;3;2;0;0;0;0;0;3;0;0;0;0;0;0;0;0;0;0;0;0;0;0;0;0;0;0;0;0;0;0;0;0;0;0;0;0;0;0;0;0;0;0;2;0;0;0;0;0;0;0;0;0;0
BRS18-1-19;TVL;RUTACEAE;Zanthoxylum;Zanthoxylum capense;2469344;Rutaceae;Zanthoxylum;Zanthoxylum capense;(Thunb.) Harv.;;3;0;0;0;3;0;2;0;0;0;0;0;3;0;0;0;0;0;0;0;0;3;0;3;0;0;0;0;3;0;0;0;0;0;0;0;0;0;3;3;0;0;0;0;0;0;3;3;0;0;0;0;0;0;3;0;0;0;0;3;0;3;0;0;0;0;0;0;0;3;0;0;0;0;0;0;2;3;0;0;3;0;0;3;3;0;0;3;0;0;0;0;0;0;0;0;3;2;0;0;0;0;0;0;0;3;0;0;0;0;0;0;0;0;0;0;0;0;0;0;0;0;0;0;0;3;0;0;0;0;0;3;0;0;0;0;0;0;0;0;0;0;0;0;0;0;0;0;0;0;0;0
BRS18-1-20;TVL;OLEACEAE;Olea;Olea europaea subsp. africana;355603;Oleaceae;Olea;Olea europaea subsp. cuspidata;(Wall. & G.Don) Cif.;;2;0;0;0;3;0;0;0;0;2;0;0;3;0;0;0;0;0;0;0;0;3;0;3;0;0;0;0;3;0;0;0;0;0;1;0;0;0;3;2;0;0;0;0;0;0;0;3;0;0;0;0;0;3;3;0;0;0;0;3;0;0;3;0;0;0;0;0;0;3;2;0;0;0;3;0;0;0;0;0;3;0;0;3;0;0;0;3;0;0;3;0;0;0;0;2;3;3;0;0;0;0;0;0;0;0;3;0;0;0;0;0;0;0;0;0;0;0;0;0;0;0;0;0;0;0;0;0;0;0;0;0;0;0;0;0;0;0;0;2;0;2;0;0;0;0;0;0;0;0;0;0
BRS18-2-01;TVL;PROTEACEAE;Faurea ;Faurea saligna;2807867;Proteaceae;Faurea;Faurea saligna;Harv.;;3;0;0;3;0;3;0;0;0;0;2;0;3;0;0;0;0;0;0;0;0;3;0;0;3;0;0;0;3;2;0;0;0;0;1;0;0;0;0;3;0;0;0;0;0;0;0;3;0;0;0;0;0;0;0;3;3;0;0;3;0;3;3;0;0;0;0;0;3;3;0;0;0;0;3;0;0;0;0;0;3;0;3;2;0;0;3;2;0;3;0;0;0;3;3;0;3;0;0;2;3;0;0;0;0;3;0;0;0;0;0;0;0;0;0;0;0;0;0;0;0;0;0;0;0;0;0;0;0;0;0;0;0;0;0;0;0;0;0;0;0;0;0;0;0;0;0;0;0;0;0;0
BRS18-2-02;TVL;EBENACEAE;Euclea ;Euclea crispa subsp. linearis;385296;Ebenaceae;Euclea;Euclea crispa subsp. linearis;(Zeyh. ex Hiern) F.White;;3;0;0;0;3;0;3;0;0;3;0;0;3;0;0;0;0;0;0;0;0;3;1;0;3;0;0;0;3;0;0;0;0;0;1;1;0;0;0;3;0;0;0;0;0;0;3;0;0;0;0;0;0;0;3;0;0;0;0;3;0;3;0;0;0;0;0;3;3;3;0;0;0;0;0;0;0;0;0;0;0;0;0;2;3;0;2;3;0;0;3;0;0;0;0;2;0;0;3;0;0;0;0;0;0;0;3;0;0;0;0;0;0;0;0;0;0;0;0;0;0;0;0;0;0;3;2;0;0;0;0;3;0;0;0;0;0;0;0;0;0;0;0;0;0;0;0;0;0;0;0;0
BRS18-2-03;TVL;SAPOTACEAE;Englerophytum;Englerophytum magalismontanum;67442;Sapotaceae;Englerophytum;Englerophytum magalismontanum;(Sond.) T.D.Penn.;;0;3;0;0;3;0;2;3;0;0;2;0;3;0;0;0;0;0;0;0;0;3;0;3;0;0;0;0;3;3;3;0;0;0;0;0;0;0;0;3;0;0;0;0;0;3;3;0;0;0;0;0;0;0;3;0;2;0;0;3;0;3;0;0;0;0;0;0;3;3;0;0;0;0;0;0;0;3;0;0;0;0;0;0;3;0;0;3;0;0;2;0;0;0;0;2;3;3;3;0;0;0;0;0;0;0;3;0;0;0;0;0;0;0;0;0;0;0;0;0;0;0;0;0;0;0;0;0;0;0;0;0;0;0;0;0;0;0;0;0;0;0;0;0;0;0;0;0;3;3;0;0
BRS18-2-04;TVL;CELASTRACEAE;Maytenus;Maytenus;2370054;Celastraceae;Maytenus;Maytenus;Molina;;2;3;0;0;3;0;3;0;0;2;0;0;3;0;0;0;0;0;0;0;0;3;0;3;3;0;0;0;3;0;0;0;0;0;1;1;1;0;0;3;0;0;0;0;0;3;3;0;0;0;0;0;0;3;3;2;2;0;0;3;2;3;0;0;0;0;0;0;2;2;0;0;0;0;0;0;0;3;0;0;0;0;3;3;2;0;3;2;0;0;2;0;0;0;0;3;0;0;2;0;0;0;0;0;0;0;3;0;0;0;0;0;0;0;0;0;0;0;0;0;0;0;0;0;0;3;3;0;0;0;3;0;0;0;0;0;0;0;0;0;0;0;0;2;0;0;0;0;0;0;0;0
BRS18-2-05;TVL;RUTACEAE;Vepris ;Vepris reflexa;2454400;Rutaceae;Vepris;Vepris reflexa;I.Verd.;;3;0;0;0;3;0;3;0;0;3;0;0;3;0;0;0;0;0;0;0;0;3;0;3;0;0;0;0;3;0;0;0;0;0;0;0;0;0;3;3;0;0;0;0;0;0;3;3;0;0;0;0;0;0;3;0;0;0;0;3;0;0;3;0;0;0;0;0;0;3;0;0;0;0;0;0;0;3;0;0;3;0;0;3;0;0;0;3;0;0;0;0;0;0;0;0;3;2;0;0;0;0;0;0;0;0;3;0;0;0;0;0;0;0;0;0;0;0;0;0;0;0;0;0;0;3;0;0;0;0;0;3;2;0;0;0;0;0;0;0;0;0;0;0;0;0;0;0;0;0;0;0
BRS18-2-06;TVL;OLEACEAE;Olea;Olea capensis subsp. enervis;358377;Oleaceae;Olea;Olea capensis subsp. enervis;(Harv.) I.Verd.;;2;0;0;0;3;0;2;0;0;2;0;0;3;0;0;0;0;0;0;0;0;3;0;3;0;0;0;0;3;0;0;0;0;0;0;0;0;0;3;2;0;0;0;0;0;0;0;3;0;0;0;0;0;3;3;0;0;0;0;3;0;0;3;0;0;0;0;0;0;3;2;0;0;0;0;0;0;0;0;0;3;0;2;3;0;0;0;3;0;0;3;0;0;0;0;0;3;2;0;0;0;0;0;0;0;0;3;0;0;0;0;0;0;0;0;0;0;0;0;0;0;0;0;0;0;0;0;0;0;0;0;0;0;0;0;0;0;0;0;0;0;0;0;0;0;0;0;0;0;0;0;0
BRS18-2-07;TVL;KIRKIACEAE;Kirkia ;Kirkia wilmsii;2335045;Kirkiaceae;Kirkia;Kirkia wilmsii;Engl.;;0;3;0;0;3;0;0;0;0;0;2;2;3;0;0;0;0;0;0;0;0;3;0;0;3;0;0;0;0;3;3;3;0;0;0;0;0;0;0;3;0;0;0;0;0;0;3;0;0;0;0;0;0;0;3;0;3;0;3;2;3;0;0;0;0;0;3;3;0;3;0;0;0;0;0;0;0;0;0;0;0;0;0;3;0;0;0;3;0;0;0;0;0;0;0;2;3;3;2;0;0;0;0;0;0;3;0;0;0;0;0;0;0;0;0;0;0;0;0;0;0;0;0;0;0;0;0;0;0;0;0;0;0;0;0;0;0;0;0;0;0;0;0;0;0;0;0;0;3;3;0;0
BRS18-2-08;TVL;OLACAEAE;Ximenia;Ximenia americana;2467228;Olacaceae;Ximenia;Ximenia americana;L.;;2;3;0;0;3;0;0;0;3;0;0;0;3;0;0;0;0;0;0;0;0;3;0;2;3;0;0;0;3;3;0;0;0;0;0;0;0;0;0;3;0;0;3;0;0;0;3;3;0;0;0;3;0;3;0;3;3;0;0;3;0;3;3;0;0;0;3;3;2;0;0;0;0;0;0;0;0;0;0;0;0;0;0;3;0;0;0;3;0;0;0;0;0;0;0;0;3;3;0;0;0;0;0;0;0;0;3;0;0;0;0;0;0;0;0;0;0;0;0;0;0;0;0;0;0;0;0;0;0;0;0;0;0;0;0;0;0;0;0;0;0;0;0;0;0;0;0;0;0;0;0;0
BRS18-2-09;TVL;FABACEAE CAESALPINIOIDEAE;Schotia;Schotia brachypetala;2591716;Fabaceae;Schotia;Schotia brachypetala;Sond.;;0;3;0;0;3;0;0;0;0;0;2;0;3;0;0;0;0;0;0;0;0;3;0;0;3;0;0;3;3;0;0;0;0;0;0;0;0;0;0;3;0;0;0;0;0;3;0;0;0;0;0;0;0;3;3;0;0;0;0;3;0;3;2;0;0;0;0;0;0;0;0;3;0;3;3;0;3;0;3;0;0;0;3;3;0;0;0;3;0;0;0;0;0;0;0;0;3;3;0;0;2;0;0;0;0;3;0;0;0;0;2;0;0;0;0;0;0;0;0;0;0;0;0;0;0;3;0;0;0;0;0;3;0;0;0;0;0;0;0;0;0;0;0;0;0;0;0;0;0;0;0;0
BRS18-2-10;TVL;RHAMNACEAE;Ziziphus ;Ziziphus mucronata;2470721;Rhamnaceae;Ziziphus;Ziziphus mucronata;Willd.;;3;0;0;0;3;0;0;0;2;0;2;2;3;0;0;0;0;0;0;0;0;3;0;0;0;3;0;0;3;0;0;0;0;0;0;0;0;0;0;3;0;0;0;0;0;3;3;0;0;0;0;0;0;3;3;0;0;0;0;3;0;3;0;0;0;0;0;0;0;3;3;2;2;0;2;0;0;0;0;0;3;0;3;3;0;0;3;0;0;0;0;0;0;0;0;3;0;0;0;0;0;0;0;0;0;0;3;0;0;0;0;0;0;0;0;0;0;0;0;0;0;0;0;0;0;3;3;0;0;0;0;0;0;0;0;0;0;0;0;0;0;0;0;0;0;0;0;0;0;0;0;0
BRS18-2-11;TVL;SAPINDACEAE;Pappea ;Pappea capensis;2543085;Sapindaceae;Pappea;Pappea capensis;Eckl. & Zeyh.;;3;0;0;0;3;0;2;0;0;0;0;2;3;0;0;0;0;0;0;0;0;3;0;0;3;0;0;0;3;0;0;0;0;0;1;0;0;0;3;2;0;0;0;0;0;0;3;0;0;0;0;0;0;0;3;0;0;0;3;3;0;3;0;0;0;0;0;0;0;3;3;0;0;0;0;0;0;0;0;0;3;0;0;1;1;0;3;2;0;0;0;0;0;0;3;0;3;0;0;0;0;0;0;0;0;0;3;0;0;0;0;0;0;0;0;0;0;0;0;0;0;0;0;0;0;3;3;3;0;0;0;0;0;0;0;0;0;0;0;0;0;0;0;0;0;0;0;0;0;0;0;0
BRS18-2-12;TVL;LAMIACEAE;Syncolostemon;Syncolostemon parvifolius;348597;Lamiaceae;Syncolostemon;Syncolostemon parvifolius;(Codd) D.F.Otieno;;2;3;0;0;3;0;0;0;3;0;0;0;3;0;0;0;0;0;0;0;0;3;0;3;0;0;0;0;0;3;3;2;0;0;0;0;0;0;0;3;0;0;2;0;0;3;0;0;0;0;0;0;0;0;3;0;3;0;3;0;3;0;0;0;0;0;3;0;0;3;0;0;0;0;0;0;0;0;0;0;0;0;0;3;0;0;0;3;2;0;0;0;3;0;0;3;0;0;0;0;3;0;0;0;0;3;0;0;0;0;0;0;0;0;0;0;0;0;0;0;0;0;0;0;0;0;0;0;0;0;0;0;0;0;0;0;0;0;0;0;0;0;0;0;0;0;0;0;0;0;0;0
BRS18-2-13;TVL;FABACEAE CAESALPINIOIDEAE;Bauhinia;Bauhinia tomentosa;2672149;Fabaceae;Bauhinia;Bauhinia tomentosa;L.;;2;3;0;2;3;0;0;0;0;0;0;0;3;0;0;0;0;0;0;0;0;3;0;3;0;0;0;0;3;0;0;0;0;0;0;0;0;0;3;3;0;0;0;0;0;0;3;0;0;0;0;0;3;3;3;0;0;0;0;3;0;3;0;0;0;0;0;0;0;3;0;3;0;3;3;0;0;0;0;0;3;3;3;0;0;0;0;3;0;0;0;0;0;0;3;0;0;0;0;0;0;0;0;0;0;3;2;0;0;2;3;0;0;0;0;0;0;0;0;0;0;0;0;0;0;3;0;0;0;0;0;3;0;0;0;0;0;0;0;0;0;0;0;0;0;0;0;0;0;0;0;0
BRS18-2-14;TVL;URTICACEAE;Pouzolzia ;Pouzolzia mixta;2545092;Urticaceae;Pouzolzia;Pouzolzia mixta;Solms;;2;0;0;0;3;0;0;0;0;0;0;2;3;0;0;0;0;0;0;0;0;3;0;0;3;3;0;0;0;3;3;0;0;0;2;0;0;2;0;3;0;0;0;0;0;3;0;0;0;0;0;0;3;0;3;0;0;0;3;0;3;0;0;0;0;0;3;0;0;3;2;0;0;0;0;0;0;0;0;0;0;0;1;1;0;0;0;2;3;0;0;0;0;0;0;3;0;0;0;0;3;0;0;0;3;3;0;0;0;0;0;0;0;0;0;0;0;0;0;0;0;0;0;0;0;0;0;0;0;0;0;0;0;0;0;0;0;0;0;0;0;0;0;0;0;0;0;0;0;0;0;0
BRS18-2-15;TVL;ASTERACEAE;Psiadia;Psiadia punctulata;3093577;Asteraceae;Psiadia;Psiadia punctulata;Vatke;;0;3;0;0;3;0;3;3;0;3;3;0;3;0;0;0;0;0;0;0;0;3;0;0;3;0;0;0;3;0;0;0;0;0;0;0;0;0;3;0;0;0;0;0;0;0;0;3;0;0;0;0;0;0;3;0;3;0;0;3;0;0;3;0;0;0;0;0;3;3;0;0;0;0;3;0;0;0;0;0;2;0;0;0;0;0;3;3;0;0;0;0;0;0;0;3;0;0;0;2;0;0;0;0;0;3;3;0;0;0;0;0;0;0;0;0;0;0;0;0;0;0;0;0;0;3;3;0;0;0;0;0;0;0;0;0;0;0;0;0;3;0;0;3;0;0;0;0;0;0;0;0
BRS18-2-16;TVL;LAMIACEAE;Premna ;Premna;164843;Lamiaceae;Premna;Premna;L.;;2;3;0;2;3;0;0;0;3;0;0;0;3;0;0;0;0;0;0;0;0;3;0;0;3;0;0;0;2;3;0;0;0;0;0;0;0;0;0;3;0;0;0;0;0;0;0;3;0;0;0;0;0;0;3;0;0;0;3;2;3;0;0;0;0;0;3;0;0;3;0;0;0;0;0;0;0;0;0;0;1;0;3;3;0;0;0;3;0;0;0;0;0;0;0;0;0;3;3;0;0;0;0;0;0;3;0;0;0;0;0;0;0;0;0;0;0;0;0;0;0;0;0;0;0;0;0;0;0;0;0;0;0;0;0;0;0;0;0;3;0;0;0;0;0;0;0;0;0;0;0;0
BRS18-2-17;TVL;PHYLLANTHACEAE;Flueggea;Flueggea virosa;84621;Phyllanthaceae;Flueggea;Flueggea virosa;(Roxb. ex Willd.) Royle;;2;3;0;0;3;0;3;0;0;3;0;0;3;0;0;0;0;0;0;0;0;3;0;3;0;0;0;0;3;3;0;0;0;0;0;0;0;0;3;0;0;0;0;0;0;0;0;3;0;0;0;0;0;0;3;0;2;0;3;0;0;3;3;0;0;0;3;0;0;0;0;0;0;0;0;0;0;0;0;0;0;0;0;0;3;0;0;3;0;0;0;0;0;0;0;3;0;0;3;0;0;0;3;1;0;0;3;0;0;0;0;0;0;0;0;0;0;0;0;0;0;0;0;0;0;0;0;0;0;0;0;0;0;0;0;0;0;0;0;0;0;0;0;0;0;0;0;0;0;0;0;0
BRS18-2-18;TVL;FABACEAE FABOIDEAE;Crotalaria;Crotalaria;2743186;Fabaceae;Crotalaria;Crotalaria;L.;;2;3;0;3;0;0;2;2;0;0;3;0;3;0;0;0;0;0;0;0;0;3;0;0;3;0;0;2;3;0;0;0;0;0;0;0;0;0;0;3;0;0;0;0;0;0;3;0;0;0;0;0;0;0;3;0;0;0;0;3;0;0;3;0;0;0;0;0;0;3;0;0;0;0;3;0;0;0;0;0;3;0;3;3;0;0;0;3;0;0;0;0;0;0;0;0;3;3;0;3;2;0;0;0;0;0;3;0;0;0;0;0;0;0;0;0;0;0;0;0;0;0;0;0;0;0;0;0;0;0;0;0;0;0;0;0;0;0;0;0;0;0;0;0;0;0;0;0;0;0;0;0
BRS18-2-19;TVL;FABACEAE FABOIDEAE;Mundulea;Mundulea sericea;2375595;Fabaceae;Mundulea;Mundulea sericea;(Willd.) A.Chev.;;0;3;0;0;3;0;2;0;0;0;0;0;3;0;0;0;0;0;0;0;0;3;0;0;3;3;0;2;3;0;0;0;0;0;0;0;0;0;0;3;0;0;0;0;0;0;3;0;0;0;0;0;0;0;3;0;0;0;0;3;0;0;3;0;0;0;0;0;0;0;0;2;2;0;2;0;3;0;3;0;0;3;3;2;0;0;0;3;0;0;0;0;0;0;3;0;0;0;0;0;0;0;0;0;0;0;3;0;0;0;0;0;0;0;0;0;0;0;0;0;0;0;0;0;0;3;0;0;0;0;0;3;0;0;0;0;0;0;0;0;0;0;0;0;0;0;0;0;0;0;0;0
BRS18-2-20;TVL;OLEACEAE;Olea;Olea europaea subsp. africana;355603;Oleaceae;Olea;Olea europaea subsp. cuspidata;(Wall. & G.Don) Cif.;;2;2;0;0;3;0;2;0;0;0;0;0;3;0;0;0;0;0;0;0;0;3;0;3;3;0;0;0;3;0;0;0;0;0;2;0;0;0;3;2;0;0;0;0;0;0;0;3;0;0;0;0;0;3;3;0;0;0;0;3;0;0;3;0;0;0;0;0;0;3;2;0;0;0;3;0;0;0;0;0;3;0;2;3;0;0;0;3;0;0;0;0;0;0;0;0;3;3;0;0;0;0;0;0;0;3;3;0;0;0;0;0;0;0;0;0;0;0;0;0;0;0;0;0;0;0;0;0;0;0;0;0;0;0;0;0;0;0;0;0;0;0;0;0;0;0;0;0;0;0;0;0
BRS18-2-21;TVL;COMBRETACEAE;Terminalia;Terminalia prunioides;2434059;Combretaceae;Terminalia;Terminalia prunioides;M.A.Lawson;;3;0;0;0;3;0;2;0;0;0;0;0;3;0;0;0;0;0;0;0;0;3;0;0;3;0;0;0;3;0;0;0;0;0;0;0;0;0;0;3;0;0;0;0;0;0;3;0;0;0;0;0;0;0;3;0;0;0;3;3;0;3;3;0;0;0;0;0;0;3;3;3;0;3;3;2;0;0;0;0;0;0;3;3;0;0;3;2;0;0;0;0;0;0;3;0;2;0;0;0;0;0;0;0;0;3;0;0;0;0;0;0;0;0;0;0;0;0;0;0;0;0;0;0;0;3;0;0;0;0;3;0;0;1;0;1;0;0;0;0;0;0;0;0;0;3;0;0;0;0;0;0
BRS18-2-22;TVL;ANACARDIACEAE;Searsia;Searsia tumulicola var. meeuseana;2608692;Anacardiaceae;Searsia;Searsia tumulicola var. meeuseana;(R.Fern. & A.Fern.) Moffett;;3;0;0;3;0;3;0;0;0;0;0;0;3;0;0;0;0;0;0;0;0;3;2;0;0;3;0;0;3;2;0;0;1;0;0;0;0;0;0;3;0;0;0;0;0;0;3;3;0;0;0;0;0;0;3;0;0;0;0;3;0;3;0;0;0;0;0;0;0;3;0;0;0;0;3;0;2;3;0;0;3;0;2;3;0;0;0;3;0;0;0;0;0;0;0;0;3;3;2;0;0;0;0;0;0;0;3;0;0;0;0;0;0;0;0;0;0;0;0;0;0;0;0;0;0;0;0;0;0;0;0;0;0;0;0;0;0;0;0;0;0;3;0;3;0;0;0;0;0;0;0;0
BRS18-2-23;TVL;ASTERACEAE;Brachylaena;Brachylaena ilicifolia;3039691;Asteraceae;Brachylaena;Brachylaena ilicifolia;(Lam.) E.Phillips & Schweick.;;3;0;0;0;3;0;3;0;0;3;0;0;3;0;0;0;0;0;0;0;0;3;0;3;0;0;0;0;3;0;0;0;0;0;1;1;0;0;3;0;0;0;0;0;0;0;0;3;0;0;0;0;0;0;3;0;0;0;0;3;0;2;3;0;0;0;0;2;3;3;0;0;0;0;0;0;0;0;0;0;3;0;3;3;0;0;0;3;0;0;0;0;0;0;2;0;3;0;0;0;0;0;0;1;0;3;3;0;2;0;2;0;3;0;0;0;0;0;0;0;0;0;0;0;0;0;0;0;0;0;0;0;0;0;0;0;0;0;0;0;0;3;0;0;0;0;0;0;0;0;0;0
BRS18-2-24;TVL;RUBIACEAE;Plectroniella;Plectroniella armata;216411;Rubiaceae;Canthium;Canthium armatum;(K.Schum.) Lantz;;3;0;0;0;3;0;0;0;2;0;0;0;3;0;0;0;0;0;0;0;0;3;0;3;0;0;0;2;3;0;0;0;0;0;0;0;0;0;3;0;0;0;0;0;0;0;0;3;0;0;0;0;0;0;0;3;3;0;0;3;0;3;2;0;0;0;3;0;0;0;0;0;0;0;0;0;0;0;0;0;0;0;0;0;2;0;0;3;0;0;3;0;3;0;0;0;0;3;3;0;0;0;0;2;0;0;3;0;0;0;0;0;0;0;0;0;0;0;0;0;0;0;0;0;0;0;0;0;0;0;0;0;0;0;0;0;0;0;0;0;0;3;0;3;0;0;0;0;0;0;0;0
BRS18-2-25;TVL;CELASTRACEAE;Pleurostylia;Pleurostylia capensis;2408566;Celastraceae;Pleurostylia;Pleurostylia capensis;(Turcz.) Loes.;;2;3;0;0;3;0;0;0;3;0;0;0;3;0;0;0;0;0;0;0;0;3;0;3;0;0;0;0;3;0;0;0;0;0;0;0;0;0;3;0;0;0;0;0;0;0;0;3;0;0;0;0;0;0;0;3;3;0;0;3;0;0;3;0;0;0;0;0;0;0;0;0;0;0;0;0;3;2;0;0;0;0;0;0;3;0;2;3;0;0;3;0;0;0;0;0;0;3;3;0;0;0;0;0;0;0;3;0;0;0;0;0;0;0;0;0;0;0;0;0;0;0;0;0;0;3;3;3;0;3;0;0;0;0;0;0;0;0;0;0;0;0;0;0;0;0;0;0;0;0;0;0
BRS18-2-26;TVL;OLEACEAE;Jasminum;Jasminum multipartitum;351553;Oleaceae;Jasminum;Jasminum multipartitum;Hochst.;;2;3;0;0;3;0;0;0;3;0;0;0;3;0;0;0;0;0;0;0;0;3;0;0;3;0;0;0;3;0;0;0;0;0;0;0;0;0;3;0;0;0;0;0;0;0;0;3;0;0;0;0;0;0;0;3;3;0;0;3;0;3;3;0;0;0;3;0;0;0;0;0;0;0;0;0;0;0;0;0;0;2;0;0;0;0;2;3;0;0;0;0;0;0;0;0;3;3;0;0;0;0;0;0;0;0;3;0;0;0;0;0;0;0;0;0;0;0;0;0;0;0;0;0;0;0;0;0;0;0;0;0;0;0;0;0;0;0;0;0;0;0;0;0;0;0;0;0;0;0;0;0
BRS18-2-27;TVL;COMBRETACEAE;Combretum;Combretum apiculatum subsp. apiculatum;3262975;Combretaceae;Combretum;Combretum apiculatum subsp. apiculatum;;;3;0;0;0;3;0;0;0;3;0;0;0;3;0;0;0;0;0;0;0;0;3;0;0;3;0;0;3;3;1;0;0;0;0;0;0;0;0;0;0;3;0;3;0;3;3;0;0;0;0;0;0;0;0;3;0;2;0;3;3;0;3;0;0;0;0;0;0;0;3;3;3;0;3;3;0;1;0;0;0;0;0;3;3;0;0;3;0;0;0;0;0;0;0;0;0;0;0;0;3;0;0;0;0;0;0;3;0;0;0;0;0;0;0;0;0;0;0;0;0;0;0;0;3;0;0;0;0;0;0;0;0;0;3;0;0;0;0;0;0;0;0;0;0;0;0;0;0;3;3;0;0
BRS18-2-28;TVL;FABACEAE MIMOSOIDEAE ;Elephantorrhiza;Elephantorrhiza burkei;3291200;Fabaceae;Entada;Entada burkei;(Benth.) S.A.O’Donnell & G.P.Lewis;;3;0;0;0;3;0;0;0;2;0;0;0;3;0;0;0;0;0;0;0;0;3;0;0;3;3;0;3;3;0;0;0;0;0;0;0;0;0;0;2;3;0;3;0;3;2;0;0;0;0;0;0;0;0;3;0;0;0;1;3;3;3;0;0;0;0;0;0;0;0;0;0;0;0;0;0;0;0;0;0;3;0;3;3;0;0;3;2;0;0;0;0;0;0;2;0;2;2;2;0;0;0;0;0;0;3;0;0;0;0;0;0;0;0;0;0;0;0;0;0;0;0;0;0;0;3;0;0;0;0;0;3;0;0;0;0;0;0;0;0;0;0;0;0;0;0;0;0;0;0;0;0
BRS18-2-29;TVL;FABACEAE MIMOSOIDEAE ;Dichrostachys;Dichrostachys cinerea subsp. nyassana;2766311;Fabaceae;Dichrostachys;Dichrostachys cinerea subsp. nyassana;(Taub.) Brenan;;0;3;0;0;3;0;1;0;2;0;0;0;3;0;0;0;0;0;0;0;0;3;3;0;0;3;0;3;3;0;0;0;0;0;0;0;0;0;0;3;2;0;0;0;0;0;3;0;0;0;0;3;0;3;3;0;0;0;0;3;0;0;3;0;0;0;0;0;0;0;0;3;3;0;3;0;0;0;0;0;0;0;3;3;0;0;0;3;0;0;0;0;0;0;3;0;0;0;0;0;0;0;0;0;0;3;0;0;0;0;0;0;0;0;0;0;0;0;0;0;0;0;0;0;0;3;0;0;0;0;0;3;0;0;0;0;0;0;0;0;0;0;0;0;0;0;0;0;0;0;0;0
BRS18-2-30;TVL;EUPHORBIACEAE;Croton ;Croton gratissimus;50054;Euphorbiaceae;Croton;Croton gratissimus;Burch.;;2;3;0;0;3;0;0;0;0;2;0;0;3;0;0;0;0;0;0;0;0;3;0;0;3;0;0;0;3;0;0;0;0;0;0;0;0;0;2;3;0;0;0;0;0;0;0;3;0;0;0;0;0;3;0;3;0;0;0;3;0;0;3;0;0;0;0;3;3;0;0;2;0;2;2;0;0;3;0;0;0;0;0;3;0;0;3;2;0;0;0;0;0;0;0;2;3;3;0;0;0;0;0;3;0;0;3;0;0;0;0;0;0;0;0;0;0;0;0;0;0;0;0;0;0;3;3;3;3;2;0;0;0;0;0;0;0;0;0;0;0;0;0;0;0;0;0;0;0;0;0;0
BRS18-2-31;TVL;ANACARDIACEAE;Sclerocarya ;Sclerocarya birrea subsp. caffra;2479831;Anacardiaceae;Sclerocarya;Sclerocarya birrea subsp. caffra;(Sond.) Kokwaro;;2;0;0;0;3;0;0;0;2;0;2;0;3;0;0;0;0;0;0;0;0;3;0;0;0;3;0;0;0;3;0;2;0;0;0;0;0;0;0;3;2;0;0;0;0;3;0;0;0;0;0;0;0;0;3;0;0;0;3;0;3;0;0;0;0;0;3;0;0;1;0;0;0;0;0;0;0;0;0;0;0;0;0;0;0;0;0;3;0;0;2;0;0;0;0;0;3;2;0;3;0;0;0;0;0;3;0;0;0;0;0;0;0;0;0;0;0;0;0;0;0;0;0;0;0;3;3;0;0;0;0;0;0;0;0;0;0;0;0;0;0;0;0;0;0;0;0;0;0;0;0;0
BRS18-2-32;TVL;APOCYNACEAE;Acokanthera;Acokanthera oppositifolia;2165;Apocynaceae;Acokanthera;Acokanthera oppositifolia;(Lam.) Codd;;0;3;0;0;3;0;0;0;3;0;0;0;3;0;0;0;0;0;0;0;0;3;0;3;0;0;0;3;3;0;0;0;0;0;0;0;0;0;3;0;0;0;0;0;0;0;0;3;0;0;0;0;0;0;0;3;3;0;0;3;0;3;3;0;0;0;3;0;3;3;0;0;0;0;0;0;0;0;0;0;0;0;0;2;3;0;0;3;0;0;0;0;0;0;0;0;3;3;0;0;0;0;0;0;3;0;0;0;0;0;0;0;0;0;0;0;0;0;0;0;0;0;0;0;0;3;0;0;0;0;0;0;3;0;0;0;0;0;0;0;0;0;0;0;0;0;0;0;0;0;0;0
BRS18-2-33;TVL;VERBENACEAE;Lippia ;Lippia javanica;113550;Verbenaceae;Lippia;Lippia javanica;(Burm.f.) Spreng.;;2;0;0;2;3;0;3;0;0;0;0;0;3;0;0;0;0;0;0;0;0;3;0;3;0;0;0;0;3;0;0;0;0;0;0;0;0;0;0;3;0;0;0;0;0;0;3;0;0;0;0;0;0;0;3;0;2;0;0;3;3;0;0;0;0;0;3;0;0;1;0;0;0;0;0;0;0;0;0;0;0;0;0;1;1;0;3;2;0;0;0;0;0;0;0;3;0;0;0;0;0;0;0;0;0;3;3;0;0;0;0;0;0;0;0;0;0;0;0;0;0;0;0;0;0;0;0;0;0;0;0;0;0;0;0;0;0;0;0;0;0;0;0;0;0;0;0;0;0;0;0;0
BRS18-2-34;TVL;FABACEAE CAESALPINIOIDEAE;Schotia;Schotia brachypetala;2591716;Fabaceae;Schotia;Schotia brachypetala;Sond.;;0;3;0;0;3;0;0;0;0;0;2;0;3;0;0;0;0;0;0;0;0;3;0;0;3;0;0;3;3;0;0;0;0;0;0;0;0;0;2;3;0;0;0;0;3;0;0;0;0;0;0;0;0;0;3;0;2;0;0;3;0;3;0;0;0;0;0;0;0;0;3;3;3;3;3;0;0;2;0;0;0;3;2;3;0;0;0;3;0;0;0;0;0;0;0;0;3;2;0;2;0;0;0;0;0;0;3;0;0;0;0;0;0;0;0;0;0;0;0;0;0;0;0;0;0;3;2;0;0;0;0;3;0;0;0;0;0;0;0;0;0;0;0;0;0;0;0;0;0;0;0;0
BRS18-2-35;TVL;CELASTRACEAE;Maytenus;Maytenus albata  ;2360115;Celastraceae;Maytenus;Maytenus albata;(N.E.Br.) E.Schmidt bis & Jordaan;;0;3;0;0;3;2;0;0;3;0;0;0;3;0;0;0;0;0;0;0;0;3;0;3;0;0;0;0;3;0;0;0;0;0;0;0;0;0;3;0;0;0;0;0;0;0;0;3;0;0;0;0;0;0;3;2;3;0;3;3;0;0;3;0;0;0;0;0;0;0;0;0;0;0;0;0;3;2;1;0;0;0;0;3;3;0;0;3;0;0;3;0;0;0;0;0;3;3;0;3;0;0;0;0;0;0;3;0;0;0;0;0;0;0;0;0;0;0;0;0;0;0;0;0;0;0;0;0;0;0;0;0;0;0;0;0;0;0;0;0;3;0;0;0;0;0;0;0;0;0;0;0
BRS18-2-36;TVL;CANELLACEAE ;Warburgia ;Warburgia salutaris;378714;Canellaceae;Warburgia;Warburgia salutaris;(G.Bertol.) Chiov.;;0;3;0;0;3;0;0;0;3;0;0;0;0;3;0;0;3;2;0;0;2;3;0;3;0;0;0;0;3;2;0;0;0;0;0;0;0;0;0;3;0;0;3;0;0;0;3;0;0;0;0;0;0;0;0;3;3;0;0;3;0;3;0;0;0;0;0;3;0;0;0;0;0;0;0;0;0;0;0;0;0;0;0;0;3;2;2;3;2;0;0;0;0;0;0;0;3;3;0;2;0;0;0;2;0;0;3;0;0;0;0;0;0;0;0;0;0;0;0;0;0;0;0;0;0;3;3;3;0;0;0;0;0;0;0;0;0;0;0;0;0;0;0;0;0;0;0;0;0;0;0;0
BRS18-2-37;TVL;CELASTRACEAE;Elaeodendron;Elaeodendron transvaalense ;2786260;Celastraceae;Elaeodendron;Elaeodendron transvaalense;(Burtt Davy) R.H.Archer;;0;3;0;0;3;0;0;0;3;0;0;0;0;3;3;0;0;0;0;0;0;3;0;3;0;0;0;0;3;0;0;0;0;0;0;0;0;0;3;0;0;0;0;0;0;0;0;3;0;0;0;0;0;0;3;2;0;0;1;3;0;0;3;0;0;0;0;0;0;0;0;0;0;0;0;0;3;2;0;0;0;0;0;3;2;0;0;3;2;0;3;0;2;3;0;0;0;0;2;0;0;0;0;0;0;0;3;0;0;0;0;0;0;0;0;0;0;0;0;0;0;0;0;0;0;3;3;0;0;0;0;0;0;0;0;0;0;0;0;0;0;0;0;0;0;0;0;0;1;1;0;0
BRS18-2-38;TVL;MALVACEAE GREWIOIDEAE;Grewia ;Grewia flavescens;2833067;Malvaceae;Grewia;Grewia flavescens;Juss.;;3;0;2;3;0;0;0;0;0;0;0;0;3;0;0;0;0;0;0;0;0;3;0;3;0;0;0;0;3;0;0;0;0;0;1;1;0;0;0;3;0;0;0;0;0;3;3;0;0;0;0;0;0;3;3;0;0;0;0;3;0;0;3;0;0;0;0;0;0;3;0;0;0;0;0;0;3;0;0;0;3;3;3;3;0;0;0;3;2;0;2;0;0;0;0;3;0;0;0;3;0;3;0;0;0;0;3;0;0;3;3;0;0;0;0;0;0;0;0;0;0;0;0;0;0;3;3;0;0;3;0;0;0;0;0;0;0;0;0;0;0;0;0;0;0;0;0;0;0;0;0;0
BRS18-2-39;TVL;FABACEAE MIMOSOIDEAE ;Dalbergia;Dalbergia armata;2755434;Fabaceae;Dalbergia;Dalbergia armata;E.Mey.;;3;0;0;2;3;0;0;0;2;0;0;0;3;0;0;0;0;0;0;0;0;3;0;0;3;0;0;3;3;0;0;0;0;0;0;0;0;0;0;3;3;0;3;0;0;0;3;0;0;0;0;0;0;3;3;0;0;0;0;3;3;3;0;0;0;0;0;0;0;0;0;3;3;0;3;0;3;0;0;0;3;0;3;3;0;0;3;2;0;0;2;0;0;0;3;0;0;0;0;0;0;0;0;0;0;3;2;0;0;0;0;3;0;0;0;0;0;0;0;0;0;0;0;0;0;3;0;0;0;0;3;3;0;0;0;0;0;0;0;0;0;0;0;0;0;0;0;0;0;0;0;0
BRS18-2-40;TVL;FABACEAE MIMOSOIDEAE ;Vachellia ;Vachellia karroo;2609116;Fabaceae;Vachellia;Vachellia karroo;(Hayne) Banfi & Galasso;;2;3;0;0;3;0;0;0;2;0;2;0;3;0;0;0;0;0;0;0;0;3;0;3;0;0;0;3;3;0;0;0;0;0;2;2;0;0;0;3;3;0;0;0;0;0;3;0;0;0;0;0;3;0;3;0;0;0;0;3;0;0;3;0;0;0;0;0;0;0;2;3;3;0;3;0;0;0;0;0;2;0;3;3;0;0;0;2;3;0;0;0;2;0;3;0;0;0;0;0;0;0;0;0;0;3;0;0;0;0;0;0;0;0;0;0;0;0;0;0;0;0;0;0;0;3;0;0;0;0;0;3;0;0;0;0;0;0;0;0;0;0;0;0;0;0;0;0;0;0;0;0
BRS18-2-41;TVL;CELASTRACEAE;Maytenus;Maytenus peduncularis;2369492;Celastraceae;Maytenus;Maytenus peduncularis;(Sond.) Loes.;;0;3;0;0;3;0;0;0;3;0;0;0;3;0;0;0;0;0;0;0;0;3;1;3;0;0;0;0;3;0;0;0;0;0;0;0;0;0;3;0;0;0;0;0;0;0;0;3;0;0;0;0;0;0;2;3;3;0;1;3;0;0;3;0;0;0;0;0;0;0;0;0;0;0;0;0;2;3;3;0;0;0;0;3;3;0;3;3;0;0;3;0;0;0;0;0;0;3;3;2;0;0;0;1;0;0;3;0;0;0;0;0;0;0;0;0;0;0;0;0;0;0;0;0;0;3;3;0;0;0;2;0;0;0;0;0;0;0;0;0;0;0;0;0;0;0;0;0;0;0;0;0
BRS18-2-42;TVL;FABACEAE;Indigofera ;Indigofera swaziensis;2864793;Fabaceae;Indigofera;Indigofera swaziensis;Bolus;;2;3;0;0;3;0;0;0;3;0;0;1;3;0;0;0;0;0;0;0;0;3;0;0;0;3;2;3;3;3;0;0;0;0;0;0;0;0;0;3;0;0;0;0;3;0;0;0;0;0;0;0;0;0;3;0;0;0;0;3;0;3;0;0;0;0;0;0;0;3;0;2;2;0;2;0;0;2;0;0;3;0;3;3;0;0;0;3;0;0;2;0;0;0;0;0;0;3;3;3;0;0;0;0;0;3;0;0;0;0;0;0;0;0;0;0;0;0;0;0;0;0;0;0;0;3;3;0;0;3;0;3;0;0;0;0;0;0;0;0;0;0;0;1;0;0;0;0;0;0;0;0
BRS18-2-43;TVL;RHAMNACEAE;Berchemia;Berchemia zeyheri;2544703;Rhamnaceae;Phyllogeiton;Phyllogeiton zeyheri;(Sond.) Suess.;;2;0;0;0;3;0;0;0;0;0;0;0;3;0;0;0;0;0;0;0;0;3;0;0;3;0;0;0;3;0;0;0;0;0;0;0;0;0;0;3;0;0;0;0;0;0;0;3;0;0;0;0;0;3;3;0;2;0;0;3;0;3;3;0;0;0;3;3;0;3;0;0;0;0;0;0;0;0;0;0;0;0;0;3;3;0;0;3;0;0;0;0;0;0;0;0;3;3;0;0;0;0;0;0;0;3;3;0;0;0;0;0;0;0;0;0;0;0;0;0;0;0;0;0;0;3;3;0;0;0;0;0;0;0;0;0;0;0;0;0;0;0;0;0;0;0;0;0;0;0;0;0
BRS18-2-44;TVL;FABACEAE MIMOSOIDEAE ;Vachellia ;Vachellia karroo;2609116;Fabaceae;Vachellia;Vachellia karroo;(Hayne) Banfi & Galasso;;2;3;0;0;3;0;0;0;2;0;2;0;3;0;0;0;0;0;0;0;0;3;0;3;0;0;0;3;3;0;0;0;0;0;0;0;0;0;0;3;3;0;0;0;0;3;2;0;0;0;0;0;0;0;3;0;0;0;0;3;0;0;3;0;0;0;0;0;0;0;2;3;3;0;3;0;0;0;0;0;0;0;3;2;0;0;0;2;3;0;0;0;0;0;3;0;0;0;0;0;0;0;0;0;0;3;0;0;0;0;0;0;0;0;0;0;0;0;0;0;0;0;0;0;0;3;0;0;0;0;0;3;0;0;0;0;0;0;0;0;0;0;0;0;0;0;0;1;0;0;0;0
BRS18-2-45;TVL;ANACARDIACEAE;Searsia;Searsia rigida var. margaretae;2608673;Anacardiaceae;Searsia;Searsia rigida var. margaretae;(Burtt Davy ex Moffett) Moffett;;3;0;0;2;3;0;0;0;0;0;0;0;3;0;0;0;0;0;0;0;0;3;2;3;0;0;0;0;0;3;3;3;0;0;0;0;0;0;2;3;0;0;0;0;0;0;0;3;0;0;0;0;0;0;3;0;0;0;3;3;3;0;0;0;0;0;3;0;0;1;0;0;0;0;0;0;0;0;0;0;0;0;0;0;0;0;3;0;0;0;0;0;2;0;0;3;0;0;0;3;0;0;0;0;0;0;3;0;0;0;2;0;0;0;0;0;0;0;0;3;0;0;0;0;0;3;3;0;0;0;0;0;0;0;0;0;0;0;0;0;0;0;0;0;0;0;0;0;0;0;0;0
BRS18-2-46;TVL;FABACEAE MIMOSOIDEAE ;Adenopodia;Adenopodia spicata;2621839;Fabaceae;Adenopodia;Adenopodia spicata;(E.Mey.) C.Presl;;3;0;0;0;3;0;0;0;3;0;0;0;3;0;0;0;0;0;0;0;0;3;0;0;3;2;0;2;3;0;0;0;0;0;0;0;0;0;0;3;2;0;2;0;0;3;0;0;0;0;0;0;0;0;3;0;3;0;0;3;0;3;0;0;0;0;0;0;0;0;2;3;3;0;3;0;0;0;0;0;3;0;3;2;0;0;3;2;0;0;2;0;2;0;3;0;0;0;0;3;0;0;0;0;0;3;0;0;0;0;0;0;0;0;0;0;0;0;0;0;0;0;0;0;0;3;0;0;0;0;0;3;0;0;0;0;0;0;0;0;0;0;0;0;0;0;0;0;0;0;0;0
BRS18-2-47;TVL;CELASTRACEAE;Pleurostylia;Pleurostylia capensis;2408566;Celastraceae;Pleurostylia;Pleurostylia capensis;(Turcz.) Loes.;;2;3;0;0;3;2;0;0;3;0;0;0;3;0;0;0;0;0;0;0;0;3;0;3;0;0;0;0;3;0;0;0;0;0;0;0;0;0;3;0;0;0;0;0;0;0;0;3;0;0;0;0;0;0;0;3;3;0;1;3;0;0;3;0;0;0;0;0;0;0;0;0;0;0;0;0;3;2;0;0;0;0;0;3;3;0;2;3;0;0;3;0;0;0;0;0;0;3;3;0;0;0;0;0;0;0;3;0;0;0;0;0;0;0;0;0;0;0;0;0;0;0;0;0;0;3;3;3;0;0;0;0;0;0;0;0;0;0;0;0;0;0;0;0;0;0;0;0;0;0;0;0
BRS18-2-48;TVL;SALICACEAE;Dovyalis;Dovyalis caffra;2924801;Salicaceae;Dovyalis;Dovyalis caffra;(Hook.f. & Harv.) Warb.;;0;3;0;0;3;0;3;0;0;3;0;0;0;3;3;3;0;0;0;0;0;3;0;0;3;0;0;0;3;0;0;0;0;0;0;0;0;0;3;0;0;0;0;0;0;0;3;3;0;0;0;0;0;0;3;0;3;0;3;0;0;3;0;0;0;0;3;0;0;0;0;0;0;0;0;0;0;0;0;0;0;0;0;0;1;1;0;3;0;0;2;0;2;0;0;0;0;3;3;2;0;0;0;0;0;0;3;0;0;0;0;0;0;0;0;0;0;0;0;0;0;0;0;0;0;3;3;3;3;0;0;0;0;0;0;0;0;0;0;0;0;0;0;0;0;0;0;0;0;0;0;0
BRS18-2-49;TVL;MORACEAE;Ficus;Ficus sur;2812498;Moraceae;Ficus;Ficus sur;Forssk.;;3;0;0;0;3;0;0;0;3;0;0;0;3;0;0;0;0;0;0;0;0;3;0;0;0;3;0;0;0;0;3;0;0;0;0;0;0;0;0;0;3;0;0;0;3;0;0;0;0;0;0;3;0;0;3;0;0;0;0;3;3;0;0;0;0;0;0;0;0;0;0;0;0;0;0;0;2;3;3;0;3;0;3;3;0;0;0;3;0;0;3;0;0;0;0;0;3;3;0;0;3;0;0;0;0;3;0;0;0;0;0;0;0;0;0;0;0;0;0;0;0;0;0;0;0;3;0;0;0;0;3;0;0;0;0;0;0;0;0;0;0;0;0;0;0;0;0;0;0;0;0;0
BRS18-2-50;TVL;STILBACEAE;Nuxia;Nuxia floribunda;335936;Stilbaceae;Nuxia;Nuxia floribunda;Benth.;;2;0;0;0;3;0;0;0;0;0;0;2;3;0;0;0;0;0;0;0;0;3;1;3;0;0;0;1;3;0;0;0;0;0;0;0;0;0;3;3;0;0;0;0;0;0;3;0;0;0;0;0;0;0;3;0;0;0;3;0;0;3;0;0;0;0;0;0;0;3;2;0;0;0;0;0;0;0;0;0;0;0;0;3;2;0;0;3;2;0;0;0;0;0;0;3;0;0;3;2;3;0;0;0;0;3;0;0;0;0;0;0;0;0;0;0;0;0;0;0;0;0;0;1;0;0;0;0;0;0;0;0;0;0;0;0;0;0;0;0;0;0;0;0;0;0;0;0;0;0;0;0
BRS18-2-51;TVL;CELASTRACEAE;Maytenus;Maytenus cf. peduncularis;2369492;Celastraceae;Maytenus;Maytenus peduncularis;(Sond.) Loes.;;0;3;0;0;3;0;0;0;3;0;2;0;3;0;0;0;0;0;0;0;0;3;0;3;0;0;0;0;3;0;0;0;0;0;0;0;0;0;3;0;0;0;0;0;0;0;0;3;0;0;0;0;0;0;3;3;3;0;0;3;0;0;3;0;0;0;0;0;0;0;0;0;0;0;0;0;2;3;0;2;0;0;0;3;3;0;3;2;0;0;3;0;0;0;0;0;0;3;3;2;0;0;0;0;0;0;3;0;0;0;0;0;0;0;0;0;0;0;0;0;0;0;0;0;0;3;3;0;0;0;0;0;0;0;0;0;0;0;0;0;0;0;0;0;0;0;0;0;0;0;0;0
BRS18-2-52;TVL;PRIMULACEAE;Maesa;Maesa lanceolata;2502980;Primulaceae;Maesa;Maesa lanceolata;Forssk.;;0;3;0;0;3;0;0;0;0;0;0;3;3;2;2;0;0;0;0;0;0;3;0;0;3;0;0;0;2;3;3;0;0;0;0;0;0;0;3;3;0;0;0;0;0;0;3;0;0;0;0;0;0;0;3;0;3;0;3;0;3;0;0;0;0;0;3;0;0;3;0;0;0;0;0;0;0;0;0;0;0;0;0;3;3;0;0;3;2;0;0;0;3;0;0;3;0;0;0;2;3;0;0;0;0;3;0;0;0;0;0;0;0;0;0;0;0;0;0;0;0;0;0;0;0;0;0;0;0;0;0;0;0;0;0;0;0;0;0;0;0;0;0;0;0;0;0;0;0;0;0;0
BRS18-2-53;TVL;SAPINDACEAE;Hippobromus;Hippobromus pauciflorus;2851085;Sapindaceae;Hippobromus;Hippobromus pauciflorus;(L.f.) Radlk.;;3;0;0;0;3;0;0;0;0;3;0;0;3;0;0;0;0;0;0;0;0;3;0;0;3;0;0;0;3;0;0;0;0;0;0;0;0;0;3;2;0;0;0;0;0;0;2;3;0;0;0;0;0;3;3;0;0;0;3;0;0;3;0;0;0;0;0;3;0;3;0;0;0;0;3;0;0;0;0;0;3;0;3;3;0;0;3;0;0;0;0;0;0;0;3;0;3;0;0;0;0;0;0;0;0;0;3;0;0;0;0;0;0;0;0;0;0;0;0;0;0;0;0;0;0;3;0;0;0;0;0;0;3;0;0;0;0;0;0;0;0;0;0;0;0;0;0;0;0;0;0;0
BRS18-2-54;TVL;SCROPHULARIACEAE;Halleria;Halleria lucida;2838426;Stilbaceae;Halleria;Halleria lucida;L.;;2;0;0;0;3;0;3;0;0;3;0;2;3;0;0;0;0;0;0;0;0;3;0;3;0;0;0;0;3;0;0;0;0;0;0;0;0;0;3;2;0;0;0;0;0;0;0;3;0;0;0;0;0;0;3;0;2;0;3;0;0;3;3;0;0;0;3;2;0;2;0;0;0;0;0;0;0;0;0;0;0;0;0;0;3;1;0;3;2;0;0;0;0;0;0;0;0;0;0;3;0;0;0;0;0;3;0;0;0;0;0;0;0;0;0;0;0;0;0;0;0;0;0;1;1;3;0;0;0;0;0;0;0;0;0;0;0;0;0;0;0;0;0;0;0;0;0;0;0;0;0;0
BRS18-2-55;TVL;RUTACEAE;Zanthoxylum;Zanthoxylum capense;2469344;Rutaceae;Zanthoxylum;Zanthoxylum capense;(Thunb.) Harv.;;2;0;0;0;3;0;2;0;0;0;0;0;3;0;0;0;0;0;0;0;0;3;0;3;0;0;0;0;3;0;0;0;0;0;0;0;0;0;0;3;0;0;0;0;0;0;0;3;0;0;0;0;0;3;3;0;0;0;0;3;0;3;0;0;0;0;0;0;0;0;0;0;0;0;0;0;2;3;3;0;3;0;0;3;0;0;3;2;0;0;0;0;0;0;0;0;3;2;0;0;0;0;0;0;0;3;2;0;0;0;0;0;0;0;0;0;0;0;0;0;0;0;0;0;0;3;0;0;0;0;0;3;0;0;0;0;0;0;0;0;0;0;0;0;0;0;0;0;0;0;0;0
BRS18-2-56;TVL;EUPHORBIACEAE;Suregada;Suregada africana;198574;Euphorbiaceae;Suregada;Suregada africana;(Sond.) Müll.Arg.;;2;3;0;0;3;0;0;0;3;0;0;2;3;0;0;0;0;0;0;0;0;3;0;3;0;0;0;0;3;0;0;0;0;0;0;0;0;0;3;0;0;0;0;0;0;0;0;3;0;0;0;0;0;0;3;3;2;0;1;3;0;3;2;0;0;0;0;0;3;0;0;0;0;0;0;0;3;0;0;0;0;0;0;3;2;0;3;0;0;0;0;0;3;0;0;3;0;0;0;0;0;0;0;0;0;0;3;0;0;0;0;0;0;0;0;0;0;0;0;0;0;0;0;0;0;3;3;0;0;0;0;0;0;0;0;0;0;0;0;0;0;0;0;0;0;3;0;0;0;0;0;0
OLI19-03;TVL;ANACARDIACEAE;Sclerocarya ;Sclerocarya birrea subsp. caffra;2479831;Anacardiaceae;Sclerocarya;Sclerocarya birrea subsp. caffra;(Sond.) Kokwaro;;3;0;0;0;3;0;0;0;0;0;0;0;3;0;0;0;0;0;0;0;0;3;0;0;0;3;0;0;0;3;3;0;0;0;0;0;0;0;0;3;0;0;0;0;0;3;2;0;0;0;0;0;0;0;3;0;0;0;3;0;3;0;0;0;0;0;3;0;0;3;0;0;0;0;0;0;0;0;0;0;0;0;3;3;0;0;0;3;2;0;0;0;0;0;0;0;3;3;0;0;0;0;0;0;0;3;3;0;0;0;0;0;0;0;0;0;0;0;0;3;0;0;0;0;0;0;0;0;0;0;0;0;0;0;0;0;0;0;0;0;0;0;0;0;0;0;0;0;0;0;0;0
OLI19-04;TVL;COMBRETACEAE;Combretum;Combretum molle;2732827;Combretaceae;Combretum;Combretum molle;R.Br. ex G.Don;;2;3;0;0;3;0;0;0;0;0;0;0;3;0;0;0;0;0;0;0;0;3;0;0;3;3;0;3;3;0;0;0;0;0;0;0;0;0;0;3;0;0;1;0;0;3;2;0;0;0;0;0;0;0;3;0;2;0;0;3;3;0;0;0;0;0;0;0;0;3;0;3;3;0;3;0;0;0;0;0;0;0;0;3;0;0;3;0;0;0;0;0;0;0;0;0;0;0;0;3;0;0;0;0;0;0;3;0;0;0;0;0;0;0;0;0;0;0;0;0;0;0;0;1;0;1;0;0;0;0;0;0;0;0;0;0;0;0;0;0;0;0;0;0;0;1;0;0;0;0;0;0
OLI19-05;TVL;FABACEAE MIMOSOIDEAE ;Senegalia ;Senegalia burkei ;2998837;Fabaceae;Senegalia;Senegalia burkei;(Benth.) Kyal. & Boatwr.;;0;3;0;0;3;0;0;0;3;0;0;0;3;0;0;0;0;0;0;0;0;3;0;0;3;2;0;3;3;0;0;0;0;0;0;0;0;0;0;3;0;0;0;0;3;0;0;0;0;0;0;0;0;3;3;0;3;0;0;3;2;3;0;0;0;0;0;0;0;0;0;3;3;0;3;0;0;0;0;0;0;0;3;2;0;0;0;3;0;0;0;0;0;0;3;0;0;0;0;0;0;0;0;0;0;3;0;0;0;0;0;0;0;0;0;0;0;0;0;0;0;0;0;0;0;3;0;0;0;0;0;3;0;0;0;0;0;0;0;0;0;0;0;0;0;0;0;0;0;0;0;0
OLI19-06;TVL;ANACARDIACEAE;Sclerocarya ;Sclerocarya birrea subsp. caffra ;2479831;Anacardiaceae;Sclerocarya;Sclerocarya birrea subsp. caffra;(Sond.) Kokwaro;;1;3;0;0;3;0;0;0;0;0;0;2;3;0;0;0;0;0;0;0;0;3;0;0;0;3;0;0;0;3;3;0;0;0;0;0;0;0;0;3;0;0;0;0;0;3;2;0;0;0;0;0;0;0;3;0;0;0;3;0;3;0;0;0;0;0;3;0;0;3;0;0;0;0;0;0;0;0;0;0;0;0;3;3;0;0;0;3;0;0;0;0;0;0;0;0;3;3;0;2;0;0;0;0;0;3;2;0;0;0;0;0;0;0;0;0;0;0;0;3;0;0;0;0;0;3;3;0;0;0;0;0;0;0;0;0;0;0;0;0;0;0;0;0;0;0;0;0;0;0;0;0
OLI19-07;TVL;EBENACEAE;Euclea ;Euclea natalensis;385329;Ebenaceae;Euclea;Euclea natalensis;A.DC.;;2;3;0;0;3;0;0;0;0;2;0;2;3;0;0;0;0;0;0;0;0;3;0;0;3;0;0;0;3;0;0;0;0;0;0;0;0;0;0;3;0;0;0;0;0;3;3;0;0;0;0;0;0;0;3;0;0;0;0;3;0;2;3;0;0;0;0;3;3;3;0;0;0;0;0;0;0;0;0;0;0;0;0;3;3;0;2;3;0;0;2;0;2;0;0;2;0;2;2;0;0;0;0;0;0;0;3;0;0;0;0;0;0;0;0;0;0;0;0;0;0;0;0;0;0;3;0;0;0;0;0;3;0;0;0;0;0;0;0;0;0;0;0;0;0;0;0;0;0;0;0;0
OLI19-09;TVL;MYRTACEAE;Syzygium;Syzygium guineense;199663;Myrtaceae;Syzygium;Syzygium guineense;(Willd.) DC.;;0;3;0;0;3;0;0;0;0;0;0;0;3;0;0;0;0;0;0;0;0;3;0;0;0;3;2;3;0;3;3;0;0;0;0;0;0;0;0;3;0;0;0;0;0;3;0;0;0;0;0;2;0;0;3;0;0;0;0;3;0;3;0;0;0;0;0;0;0;0;0;3;3;2;3;0;0;0;0;0;0;0;0;3;3;0;0;3;0;0;0;0;0;0;0;0;0;3;3;3;0;0;0;0;0;3;3;0;0;0;0;0;0;0;0;0;0;0;0;0;0;0;0;0;0;0;0;0;0;0;0;0;0;0;0;0;0;0;0;0;0;0;0;0;0;0;0;0;0;0;0;0
OLI19-10;TVL;ANNONACEAE;Hexalobus;Hexalobus monopetalus;2848918;Annonaceae;Hexalobus;Hexalobus monopetalus;(A.Rich.) Engl. & Diels;;2;0;0;0;3;0;0;0;0;0;0;0;3;0;0;0;0;0;0;0;0;3;0;0;3;0;0;0;3;0;0;0;0;0;0;0;0;0;3;2;0;0;0;0;0;0;0;3;0;0;0;0;0;0;3;0;3;0;0;3;0;3;0;0;0;0;0;0;3;0;0;0;0;0;0;0;0;3;0;3;0;0;3;2;3;0;0;3;3;0;0;0;3;3;3;0;3;0;0;2;0;0;0;0;0;3;0;0;0;0;3;0;0;0;0;0;0;0;0;0;0;0;0;0;0;3;0;3;0;0;0;0;0;0;0;0;0;0;0;0;0;0;0;0;0;0;0;0;0;0;0;0
