feature_id;feature_group;feature_subgroup;feature_label;definition;collection;author;hardwood_number;softwood_number;bart_number;feature_value;parent
IFC-1;GROWTH RINGS;Presence of growth ring boundaries;Growth ring boundaries distinct;;;IAWA;1;40;;;
IFC-2;GROWTH RINGS;Presence of growth ring boundaries;Growth ring boundaries indistinct or absent;;;IAWA;2;41;;;
IFC-3;VESSELS;Porosity;Wood ring-porous;;Hardwood;IAWA;3;;;;
IFC-4;VESSELS;Porosity;Wood semi-ring-porous;;Hardwood;IAWA;4;;;;
IFC-5;VESSELS;Porosity;Wood diffuse-porous;;Hardwood;IAWA;5;;;;
IFC-6;VESSELS;Arrangement;Vessels in tangential bands;;Hardwood;IAWA;6;;;;
IFC-7;VESSELS;Arrangement;Vessels in diagonal and / or radial pattern;;Hardwood;IAWA;7;;;;
IFC-8;VESSELS;Arrangement;Vessels in dendritic pattern;;Hardwood;IAWA;8;;;;
IFC-9;VESSELS;Groupings;Vessels exclusively solitary (90% or more);;Hardwood;IAWA;9;;;;
IFC-10;VESSELS;Groupings;Vessels in radial multiples of 4 or more common;;Hardwood;IAWA;10;;;;
IFC-11;VESSELS;Groupings;Vessel clusters common;;Hardwood;IAWA;11;;;;
IFC-12;VESSELS;Outline;Solitary vessel outline angular;;Hardwood;IAWA;12;;;;
IFC-13;VESSELS;Perforation plates;Simple perforation plates;;Hardwood;IAWA;13;;;;
IFC-14;VESSELS;Perforation plates;Scalariform perforation plates;;Hardwood;IAWA;14;;;;
IFC-15;VESSELS;Perforation plates;Scalariform perforation plates with <= 10 bars;;Hardwood;IAWA;15;;;;
IFC-16;VESSELS;Perforation plates;Scalariform perforation plates with 10 - 20 bars;;Hardwood;IAWA;16;;;;
IFC-17;VESSELS;Perforation plates;Scalariform perforation plates with 20 - 40 bars;;Hardwood;IAWA;17;;;;
IFC-18;VESSELS;Perforation plates;Scalariform perforation plates with >= 40 bars;;Hardwood;IAWA;18;;;;
IFC-19;VESSELS;Perforation plates;Reticulate, foraminate, and / or other types of multiple perforation plates;;Hardwood;IAWA;19;;;;
IFC-20;VESSELS;Intervessel pits arrangement;Intervessel pits scalariform;;Hardwood;IAWA;20;;;;
IFC-21;VESSELS;Intervessel pits arrangement;Intervessel pits opposite;;Hardwood;IAWA;21;;;;
IFC-22;VESSELS;Intervessel pits arrangement;Intervessel pits alternate;;Hardwood;IAWA;22;;;;
IFC-23;VESSELS;Intervessel pits arrangement;Shape of alternate pits polygonal;;Hardwood;IAWA;23;;;;
IFC-24;VESSELS;Intervessel pits size (µm);Minute <= 4 µm;;Hardwood;IAWA;24;;;;
IFC-25;VESSELS;Intervessel pits size (µm);Small 4 - 7 µm;;Hardwood;IAWA;25;;;;
IFC-26;VESSELS;Intervessel pits size (µm);Medium 7 - 10 µm;;Hardwood;IAWA;26;;;;
IFC-27;VESSELS;Intervessel pits size (µm);Large >= 10 µm;;Hardwood;IAWA;27;;;;
IFC-28;VESSELS;Intervessel pits size (µm);Range of intervessel pit size (µm);;Hardwood;IAWA;28;;;;
IFC-29;VESSELS;Vestured pits;Vestured pits;;Hardwood;IAWA;29;;;;
IFC-30;VESSELS;Vessel-ray pitting;"Vessel-ray pits with distinct borders; similar to intervessel pits in size and shape throughout the ray cell";;Hardwood;IAWA;30;;;;
IFC-31;VESSELS;Vessel-ray pitting;Vessel-ray pits with much reduced borders to apparently simple: pits rounded or angular;;Hardwood;IAWA;31;;;;
IFC-32;VESSELS;Vessel-ray pitting;Vessel-ray pits with much reduced borders to apparently simple: pits horizontal (scalariform, gash-like) to vertical (palisade);;Hardwood;IAWA;32;;;;
IFC-33;VESSELS;Vessel-ray pitting;Vessel-ray pits of two distinct sizes or types in the same ray cell;;Hardwood;IAWA;33;;;;
IFC-34;VESSELS;Vessel-ray pitting;Vessel-ray pits unilaterally compound and coarse (over 10 µm);;Hardwood;IAWA;34;;;;
IFC-35;VESSELS;Vessel-ray pitting;Vessel-ray pits restricted to marginal rows;;Hardwood;IAWA;35;;;;
IFC-36;VESSELS;Helical thickenings;Helical thickenings in vessel elements present;;Hardwood;IAWA;36;;;;
IFC-37;VESSELS;Helical thickenings;Helical thickenings throughout body of vessel element;;Hardwood;IAWA;37;;;;
IFC-38;VESSELS;Helical thickenings;Helical thickenings only in vessel element tails;;Hardwood;IAWA;38;;;;
IFC-39;VESSELS;Helical thickenings;Helical thickenings only in narrower vessel elements;;Hardwood;IAWA;39;;;;
IFC-40;VESSELS;Tangential diameter (µm);<= 50 µm;;Hardwood;IAWA;40;;;;
IFC-41;VESSELS;Tangential diameter (µm);50 - 100 µm;;Hardwood;IAWA;41;;;;
IFC-42;VESSELS;Tangential diameter (µm);100 - 200 µm;;Hardwood;IAWA;42;;;;
IFC-43;VESSELS;Tangential diameter (µm);>= 200 µm;;Hardwood;IAWA;43;;;;
IFC-44;VESSELS;Tangential diameter (µm);Mean, +/– Standard Deviation, Range, n = x;;Hardwood;IAWA;44;;;Value;
IFC-45;VESSELS;Tangential diameter (µm);Vessels of two distinct diameter classes, wood not ring-porous;;Hardwood;IAWA;45;;;;
IFC-46;VESSELS;Vessel density (V/mm²);<= 5 vessels per square millimetre;;Hardwood;IAWA;46;;;;
IFC-47;VESSELS;Vessel density (V/mm²);5 - 20 vessels per square millimetre;;Hardwood;IAWA;47;;;;
IFC-48;VESSELS;Vessel density (V/mm²);20 - 40 vessels per square millimetre;;Hardwood;IAWA;48;;;;
IFC-49;VESSELS;Vessel density (V/mm²);40 - 100 vessels per square millimetre;;Hardwood;IAWA;49;;;;
IFC-50;VESSELS;Vessel density (V/mm²);>= 100 vessels per square millimetre;;Hardwood;IAWA;50;;;;
IFC-51;VESSELS;Vessel density (V/mm²);Mean, +/– Standard Deviation, Range, n = x;;Hardwood;IAWA;51;;;Value;
IFC-52;VESSELS;Mean vessel element length;<= 350 µm;;Hardwood;IAWA;52;;;;
IFC-53;VESSELS;Mean vessel element length;350–800 µm;;Hardwood;IAWA;53;;;;
IFC-54;VESSELS;Mean vessel element length;>= 800 µm;;Hardwood;IAWA;54;;;;
IFC-55;VESSELS;Mean vessel element length;Mean, +/– Standard Deviation, Range, n = x;;Hardwood;IAWA;55;;;Value;
IFC-56;VESSELS;Tyloses and deposits in vessels;Tyloses common;;Hardwood;IAWA;56;;;;
IFC-57;VESSELS;Tyloses and deposits in vessels;Tyloses sclerotic;;Hardwood;IAWA;57;;;;
IFC-58;VESSELS;Tyloses and deposits in vessels;Gums and other deposits in heartwood vessels;;Hardwood;IAWA;58;;;;
IFC-59;VESSELS;Wood vesselless;Wood vesselless;;Hardwood;IAWA;59;;;;
IFC-60;TRACHEIDS AND FIBRES;Tracheids;Vascular / vasicentric tracheids present;;Hardwood;IAWA;60;;;;
IFC-61;TRACHEIDS AND FIBRES;Ground tissu fibres;Fibres with simple to minutely bordered pits;;Hardwood;IAWA;61;;;;
IFC-62;TRACHEIDS AND FIBRES;Ground tissu fibres;Fibres with distinctly bordered pits;;Hardwood;IAWA;62;;;;
IFC-63;TRACHEIDS AND FIBRES;Ground tissu fibres;Fibre pits common in both radial and tangential walls;;Hardwood;IAWA;63;;;;
IFC-64;TRACHEIDS AND FIBRES;Ground tissu fibres;Helical thickenings in ground tissue fibres;;Hardwood;IAWA;64;;;;
IFC-65;TRACHEIDS AND FIBRES;Septate fibres;Septate fibres present;;Hardwood;IAWA;65;;;;
IFC-66;TRACHEIDS AND FIBRES;Septate fibres;Non-septate fibres present;;Hardwood;IAWA;66;;;;
IFC-67;TRACHEIDS AND FIBRES;Parenchyma-like;Parenchyma-like fibre bands alternating with ordinary fibres;;Hardwood;IAWA;67;;;;
IFC-68;TRACHEIDS AND FIBRES;Fibre wall thickness;Fibres very thin-walled;;Hardwood;IAWA;68;;;;
IFC-69;TRACHEIDS AND FIBRES;Fibre wall thickness;Fibres thin- to thick-walled;;Hardwood;IAWA;69;;;;
IFC-70;TRACHEIDS AND FIBRES;Fibre wall thickness;Fibres very thick-walled;;Hardwood;IAWA;70;;;;
IFC-71;TRACHEIDS AND FIBRES;Mean fibre lengths;<= 900 µm;;Hardwood;IAWA;71;;;;
IFC-72;TRACHEIDS AND FIBRES;Mean fibre lengths;900–1600 µm;;Hardwood;IAWA;72;;;;
IFC-73;TRACHEIDS AND FIBRES;Mean fibre lengths;>= 1600 µm;;Hardwood;IAWA;73;;;;
IFC-74;TRACHEIDS AND FIBRES;Mean fibre lengths;Mean, +/– Standard Deviation, Range, n = x;;Hardwood;IAWA;74;;;Value;
IFC-75;AXIAL PARENCHYMA;Absent/rare;Axial parenchyma absent or extremely rare;;Hardwood;IAWA;75;;;;
IFC-76;AXIAL PARENCHYMA;Apotracheal;Axial parenchyma diffuse;;Hardwood;IAWA;76;;;;
IFC-77;AXIAL PARENCHYMA;Apotracheal;Axial parenchyma diffuse-in-aggregates;;Hardwood;IAWA;77;;;;
IFC-78;AXIAL PARENCHYMA;Paratracheal;Axial parenchyma scanty paratracheal;;Hardwood;IAWA;78;;;;
IFC-79;AXIAL PARENCHYMA;Paratracheal;Axial parenchyma vasicentric;;Hardwood;IAWA;79;;;;
IFC-80;AXIAL PARENCHYMA;Paratracheal;Axial parenchyma aliform;;Hardwood;IAWA;80;;;;
IFC-81;AXIAL PARENCHYMA;Paratracheal;Axial parenchyma lozenge-aliform;;Hardwood;IAWA;81;;;;
IFC-82;AXIAL PARENCHYMA;Paratracheal;Axial parenchyma winged-aliform;;Hardwood;IAWA;82;;;;
IFC-83;AXIAL PARENCHYMA;Paratracheal;Axial parenchyma confluent;;Hardwood;IAWA;83;;;;
IFC-84;AXIAL PARENCHYMA;Paratracheal;Axial parenchyma unilateral paratracheal;;Hardwood;IAWA;84;;;;
IFC-85;AXIAL PARENCHYMA;Banded wide;Axial parenchyma bands more than three cells wide;;Hardwood;IAWA;85;;;;
IFC-86;AXIAL PARENCHYMA;Banded wide;Axial parenchyma in narrow bands or lines up to three cells wide;;Hardwood;IAWA;86;;;;
IFC-87;AXIAL PARENCHYMA;Banded pattern;Axial parenchyma reticulate;;Hardwood;IAWA;87;;;;
IFC-88;AXIAL PARENCHYMA;Banded pattern;Axial parenchyma scalariform;;Hardwood;IAWA;88;;;;
IFC-89;AXIAL PARENCHYMA;Banded pattern;Axial parenchyma in marginal or in seemingly marginal bands ;;Hardwood;IAWA;89;;;;
IFC-90;AXIAL PARENCHYMA;Cell type / strand length;Fusiform parenchyma cells;;Hardwood;IAWA;90;;;;
IFC-91;AXIAL PARENCHYMA;Cell type / strand length;Two cells per parenchyma strand;;Hardwood;IAWA;91;;;;
IFC-92;AXIAL PARENCHYMA;Cell type / strand length;Four (3-4) cells per parenchyma strand;;Hardwood;IAWA;92;;;;
IFC-93;AXIAL PARENCHYMA;Cell type / strand length;Eight (5-8) cells per parenchyma strand;;Hardwood;IAWA;93;;;;
IFC-94;AXIAL PARENCHYMA;Cell type / strand length;Over eight cells per parenchyma strand;;Hardwood;IAWA;94;;;;
IFC-95;AXIAL PARENCHYMA;Unlignified;Unlignified parenchyma;;Hardwood;IAWA;95;;;;
IFC-96;RAY;Ray width;Rays exclusively uniseriate;;Hardwood;IAWA;96;;;;
IFC-97;RAY;Ray width;Ray width 1 to 3 cells;;Hardwood;IAWA;97;;;;
IFC-98;RAY;Ray width;Larger rays commonly 4-seriate to 10-seriate;;Hardwood;IAWA;98;;;;
IFC-99;RAY;Ray width;Larger rays commonly > 10-seriate;;Hardwood;IAWA;99;;;;
IFC-100;RAY;Ray width;Rays with multiseriate portion(s) as wide as uniseriate portions;;Hardwood;IAWA;100;;;;
IFC-101;RAY;Aggregate rays;Aggregate rays;;Hardwood;IAWA;101;;;;
IFC-102;RAY;Ray height;Ray height > 1 mm;;Hardwood;IAWA;102;;;;
IFC-103;RAY;Rays of two distinct sizes;Rays of two distinct sizes;;Hardwood;IAWA;103;;;;
IFC-104;RAY;Rays: cellular composition;All ray cells procumbent;;Hardwood;IAWA;104;;;;
IFC-105;RAY;Rays: cellular composition;All ray cells upright and/or square;;Hardwood;IAWA;105;;;;
IFC-106;RAY;Rays: cellular composition;Body ray cells procumbent with one row of upright and/or square marginal cells;;Hardwood;IAWA;106;;;;
IFC-107;RAY;Rays: cellular composition;Body ray cells procumbent with mostly 2–4 rows of upright and/or square marginal cells;;Hardwood;IAWA;107;;;;
IFC-108;RAY;Rays: cellular composition;Body ray cells procumbent with over 4 rows of upright and/or square marginal cells;;Hardwood;IAWA;108;;;;
IFC-109;RAY;Rays: cellular composition;Rays with procumbent, square and upright cells mixed throughout the ray;;Hardwood;IAWA;109;;;;
IFC-110;RAY;Other;Sheath cells;;Hardwood;IAWA;110;;;;
IFC-111;RAY;Other;Tile cells;;Hardwood;IAWA;111;;;;
IFC-112;RAY;Other;Perforated ray cells;;Hardwood;IAWA;112;;;;
IFC-113;RAY;Other;Disjunctive ray parenchyma cell walls;;Hardwood;IAWA;113;;;;
IFC-114;RAY;Rays per millimetre;<=  4 / mm;;Hardwood;IAWA;114;;;;
IFC-115;RAY;Rays per millimetre;4–12 / mm;;Hardwood;IAWA;115;;;;
IFC-116;RAY;Rays per millimetre;>= 12 / mm;;Hardwood;IAWA;116;;;;
IFC-117;RAY;Wood rayless;Wood rayless;;Hardwood;IAWA;117;;;;
IFC-118;STORIED STRUCTURE;Ray;All rays storied;;Hardwood;IAWA;118;;;;
IFC-119;STORIED STRUCTURE;Ray;Low rays storied, high rays non-storied;;Hardwood;IAWA;119;;;;
IFC-120;STORIED STRUCTURE;Par - Vessel;Axial parenchyma and / or vessel elements storied;;Hardwood;IAWA;120;;;;
IFC-121;STORIED STRUCTURE;Fibres;Fibres storied;;Hardwood;IAWA;121;;;;
IFC-122;STORIED STRUCTURE;Irregular;Rays and / or axial elements irregularly storied;;Hardwood;IAWA;122;;;;
IFC-123;STORIED STRUCTURE;;Number of ray tiers per axial mm;;Hardwood;IAWA;123;;;;
IFC-124;SECRETORY ELEMENTS AND CAMBIAL VARIANTS;Oil and mucilage cells;Oil and/or mucilage cells associated with ray parenchyma;;Hardwood;IAWA;124;;;;
IFC-125;SECRETORY ELEMENTS AND CAMBIAL VARIANTS;Oil and mucilage cells;Oil and/or mucilage cells associated with axial parenchyma;;Hardwood;IAWA;125;;;;
IFC-126;SECRETORY ELEMENTS AND CAMBIAL VARIANTS;Oil and mucilage cells;Oil and/or mucilage cells present among fibres;;Hardwood;IAWA;126;;;;
IFC-127;SECRETORY ELEMENTS AND CAMBIAL VARIANTS;Intercellular canals;Axial canals in long tangential lines;;Hardwood;IAWA;127;;;;
IFC-128;SECRETORY ELEMENTS AND CAMBIAL VARIANTS;Intercellular canals;Axial canals in short tangential lines;;Hardwood;IAWA;128;;;;
IFC-129;SECRETORY ELEMENTS AND CAMBIAL VARIANTS;Intercellular canals;Axial canals diffuse;;Hardwood;IAWA;129;;;;
IFC-130;SECRETORY ELEMENTS AND CAMBIAL VARIANTS;Intercellular canals;Radial canals;;Hardwood;IAWA;130;;;;
IFC-131;SECRETORY ELEMENTS AND CAMBIAL VARIANTS;Intercellular canals;Intercellular canals of traumatic origin;;Hardwood;IAWA;131;;;;
IFC-132;SECRETORY ELEMENTS AND CAMBIAL VARIANTS;Tubes / tubules;Laticifers or tanniniferous tubes;;Hardwood;IAWA;132;;;;
IFC-133;SECRETORY ELEMENTS AND CAMBIAL VARIANTS;Cambial variants;Included phloem, concentric;;Hardwood;IAWA;133;;;;
IFC-134;SECRETORY ELEMENTS AND CAMBIAL VARIANTS;Cambial variants;Included phloem, diffuse;;Hardwood;IAWA;134;;;;
IFC-135;SECRETORY ELEMENTS AND CAMBIAL VARIANTS;Cambial variants;Other cambial variants;;Hardwood;IAWA;135;;;;
IFC-136;MINERAL INCLUSIONS;Prismatic crystals;Prismatic crystals present;;Hardwood;IAWA;136;;;;
IFC-137;MINERAL INCLUSIONS;Prismatic crystals;Prismatic crystals in upright and/or square ray cells;;Hardwood;IAWA;137;;;;
IFC-138;MINERAL INCLUSIONS;Prismatic crystals;Prismatic crystals in procumbent ray cells;;Hardwood;IAWA;138;;;;
IFC-139;MINERAL INCLUSIONS;Prismatic crystals;Prismatic crystals in radial alignment in procumbent ray cells;;Hardwood;IAWA;139;;;;
IFC-140;MINERAL INCLUSIONS;Prismatic crystals;Prismatic crystals in chambered upright and/or square ray cells;;Hardwood;IAWA;140;;;;
IFC-141;MINERAL INCLUSIONS;Prismatic crystals;Prismatic crystals in non-chambered axial parenchyma cells;;Hardwood;IAWA;141;;;;
IFC-142;MINERAL INCLUSIONS;Prismatic crystals;Prismatic crystals in chambered axial parenchyma cells;;Hardwood;IAWA;142;;;;
IFC-143;MINERAL INCLUSIONS;Prismatic crystals;Prismatic crystals in fibres;;Hardwood;IAWA;143;;;;
IFC-144;MINERAL INCLUSIONS;Druses;Druses present;;Hardwood;IAWA;144;;;;
IFC-145;MINERAL INCLUSIONS;Druses;Druses in ray parenchyma cells;;Hardwood;IAWA;145;;;;
IFC-146;MINERAL INCLUSIONS;Druses;Druses in axial parenchyma cells;;Hardwood;IAWA;146;;;;
IFC-147;MINERAL INCLUSIONS;Druses;Druses in fibres;;Hardwood;IAWA;147;;;;
IFC-148;MINERAL INCLUSIONS;Druses;Druses in chambered cells;;Hardwood;IAWA;148;;;;
IFC-149;MINERAL INCLUSIONS;Other crystal types;Raphides;;Hardwood;IAWA;149;;;;
IFC-150;MINERAL INCLUSIONS;Other crystal types;Acicular crystals;;Hardwood;IAWA;150;;;;
IFC-151;MINERAL INCLUSIONS;Other crystal types;Styloids and/or elongate crystals;;Hardwood;IAWA;151;;;;
IFC-152;MINERAL INCLUSIONS;Other crystal types;Crystals of other shapes (mostly small);;Hardwood;IAWA;152;;;;
IFC-153;MINERAL INCLUSIONS;Other crystal types;Crystal sand;;Hardwood;IAWA;153;;;;
IFC-154;MINERAL INCLUSIONS;Other diagnostic crystal features;More than one crystal of about the same size per cell or chamber;;Hardwood;IAWA;154;;;;
IFC-155;MINERAL INCLUSIONS;Other diagnostic crystal features;Two distinct sizes of crystals per cell or chamber;;Hardwood;IAWA;155;;;;
IFC-156;MINERAL INCLUSIONS;Other diagnostic crystal features;Crystals in enlarged cells;;Hardwood;IAWA;156;;;;
IFC-157;MINERAL INCLUSIONS;Other diagnostic crystal features;Crystals in tyloses;;Hardwood;IAWA;157;;;;
IFC-158;MINERAL INCLUSIONS;Other diagnostic crystal features;Cystoliths;;Hardwood;IAWA;158;;;;
IFC-159;MINERAL INCLUSIONS;Silica;Silica bodies present;;Hardwood;IAWA;159;;144;;
IFC-160;MINERAL INCLUSIONS;Silica;Silica bodies in ray cells;;Hardwood;IAWA;160;;;;
IFC-161;MINERAL INCLUSIONS;Silica;Silica bodies in axial parenchyma cells;;Hardwood;IAWA;161;;;;
IFC-162;MINERAL INCLUSIONS;Silica;Silica bodies in fibres;;Hardwood;IAWA;162;;;;
IFC-163;MINERAL INCLUSIONS;Silica;Vitreous silica;;Hardwood;IAWA;163;;145;;
IFC-164;GROWTH RINGS;Transition from earlywood to latewood;Abrupt transition from earlywood to latewood;;Softwood;IAWA;;42;;;
IFC-165;GROWTH RINGS;Transition from earlywood to latewood;Gradual transition from earlywood to latewood;;Softwood;IAWA;;43;;;
IFC-166;TRACHEIDS;Tracheid pitting in radial walls (in earlywood only);(predominantly) Uniseriate;;Softwood;IAWA;;44;;;
IFC-167;TRACHEIDS;Tracheid pitting in radial walls (in earlywood only);(predominantly) Two or more seriate;;Softwood;IAWA;;45;;;
IFC-168;TRACHEIDS;"Arrangement of (two or more seriate) tracheid pitting in radial walls (earlywood
only)";IT pitting opposite;;Softwood;IAWA;;46;;;
IFC-169;TRACHEIDS;"Arrangement of (two or more seriate) tracheid pitting in radial walls (earlywood
only)";IT pitting alternate;;Softwood;IAWA;;47;;;
IFC-170;TRACHEIDS;Organic deposits (in heartwood tracheids);Organic deposits (in heartwood tracheids) Present;;Softwood;IAWA;;48;;;
IFC-171;TRACHEIDS;tracheid length;Average tracheid length (µm);;Softwood;IAWA;;49;;;
IFC-172;TRACHEIDS;Average longitudinal tracheid length (LT length);Short (< 3000 µm);;Softwood;IAWA;;50;;;
IFC-173;TRACHEIDS;Average longitudinal tracheid length (LT length);Medium (3000 to 5000 µm);;Softwood;IAWA;;51;;;
IFC-174;TRACHEIDS;Average longitudinal tracheid length (LT length);Long (> 5000 µm);;Softwood;IAWA;;52;;;
IFC-175;TRACHEIDS;Intercellular spaces throughout the wood (transverse section);Intercellular spaces throughout the wood;;Softwood;IAWA;;53;;;
IFC-176;TRACHEIDS;Latewood (LW) tracheid wall thickness (transverse section);Thin-walled (double wall thickness less than radial lumen diameter);;Softwood;IAWA;;54;;;
IFC-177;TRACHEIDS;Latewood (LW) tracheid wall thickness (transverse section);Thick-walled (double wall thickness larger than radial lumen diameter);;Softwood;IAWA;;55;;;
IFC-178;TRACHEIDS;Torus (pits in earlywood tracheids only);Torus (pits in earlywood tracheids only) Present;;Softwood;IAWA;;56;;;
IFC-179;TRACHEIDS;Torus (pits in earlywood tracheids only);Scalloped;;Softwood;IAWA;;57;;;
IFC-180;TRACHEIDS;Torus (pits in earlywood tracheids only);Torus extensions;;Softwood;IAWA;;58;;;
IFC-181;TRACHEIDS;Pits with notched borders;Pits with notched borders Present;;Softwood;IAWA;;59;;;
IFC-182;TRACHEIDS;Warty layer (visible under the light microscope);Warty layer (visible under the light microscope) Present;;Softwood;IAWA;;60;;;
IFC-183;HELICAL AND OTHER WALL THICKENINGS;Helical thickenings in tracheids;Helical thickenings in longitudinal tracheids Present;;Softwood;IAWA;;61;;;
IFC-184;HELICAL AND OTHER WALL THICKENINGS;Helical thickenings (in longitudinal tracheids - location);Present throughout the growth increment;;Softwood;IAWA;;62;;;
IFC-185;HELICAL AND OTHER WALL THICKENINGS;Helical thickenings (in longitudinal tracheids - location);Well developed only in earlywood;;Softwood;IAWA;;63;;;
IFC-186;HELICAL AND OTHER WALL THICKENINGS;Helical thickenings (in longitudinal tracheids - location);Well developed only in latewood;;Softwood;IAWA;;64;;;
IFC-187;HELICAL AND OTHER WALL THICKENINGS;Helical thickenings (in longitudinal tracheids - whether single or grouped);Single;;Softwood;IAWA;;65;;;
IFC-188;HELICAL AND OTHER WALL THICKENINGS;Helical thickenings (in longitudinal tracheids - whether single or grouped);Grouped (double or triple);;Softwood;IAWA;;66;;;
IFC-189;HELICAL AND OTHER WALL THICKENINGS;Helical thickenings (in longitudinal tracheids - spacing, earlywood tracheids only);Narrowly spaced (number of coils more than 120 per mm);;Softwood;IAWA;;67;;;
IFC-190;HELICAL AND OTHER WALL THICKENINGS;Helical thickenings (in longitudinal tracheids - spacing, earlywood tracheids only);Widely spaced (number of coils less than 120 per mm);;Softwood;IAWA;;68;;;
IFC-191;HELICAL AND OTHER WALL THICKENINGS;Helical thickenings in ray tracheids;Commonly present;;Softwood;IAWA;;69;;;
IFC-192;HELICAL AND OTHER WALL THICKENINGS;Helical thickenings in ray tracheids;(present but) Rare;;Softwood;IAWA;;70;;;
IFC-193;HELICAL AND OTHER WALL THICKENINGS;Callitroid thickenings;Callitroid thickenings Present;;Softwood;IAWA;;71;;;
IFC-194;AXIAL PARENCHYMA (excludes epithelial and subsidiary cells of canals);Axial parenchyma (excl. epithelial and subsidiary cells of intercellular canals);Present;;Softwood;IAWA;;72;;;
IFC-195;AXIAL PARENCHYMA (excludes epithelial and subsidiary cells of canals);Arrangement of axial parenchyma;Diffuse (evenly scattered throughout the entire growth increment);;Softwood;IAWA;;73;;;
IFC-196;AXIAL PARENCHYMA (excludes epithelial and subsidiary cells of canals);Arrangement of axial parenchyma;Tangentially zonate;;Softwood;IAWA;;74;;;
IFC-197;AXIAL PARENCHYMA (excludes epithelial and subsidiary cells of canals);Arrangement of axial parenchyma;Marginal;;Softwood;IAWA;;75;;;
IFC-198;AXIAL PARENCHYMA (excludes epithelial and subsidiary cells of canals); Transverse end walls of axial parenchyma;Smooth;;Softwood;IAWA;;76;;;
IFC-199;AXIAL PARENCHYMA (excludes epithelial and subsidiary cells of canals); Transverse end walls of axial parenchyma;Irregularly thickened;;Softwood;IAWA;;77;;;
IFC-200;AXIAL PARENCHYMA (excludes epithelial and subsidiary cells of canals); Transverse end walls of axial parenchyma;Beaded or nodular;;Softwood;IAWA;;78;;;
IFC-201;RAY COMPOSITION;Ray tracheids;Commonly present;;Softwood;IAWA;;79;;;
IFC-202;RAY COMPOSITION;Ray tracheids;Absent or very rare;;Softwood;IAWA;;80;;;
IFC-203;RAY COMPOSITION;Cell walls of ray tracheids;Smooth;;Softwood;IAWA;;81;;;
IFC-204;RAY COMPOSITION;Cell walls of ray tracheids;Dentate;;Softwood;IAWA;;82;;;
IFC-205;RAY COMPOSITION;Cell walls of ray tracheids;Reticulate;;Softwood;IAWA;;83;;;
IFC-206;RAY COMPOSITION;Ray tracheid pit borders angular or with dentate thickenings (radial section, Larix & Picea only);Present;;Softwood;IAWA;;84;;;
IFC-207;RAY COMPOSITION;End walls of ray parenchyma cells;Smooth (unpitted);;Softwood;IAWA;;85;;;
IFC-208;RAY COMPOSITION;End walls of ray parenchyma cells;Distinctly pitted;;Softwood;IAWA;;86;;;
IFC-209;RAY COMPOSITION;Horizontal walls of ray parenchyma cells;Smooth (unpitted);;Softwood;IAWA;;87;;;
IFC-210;RAY COMPOSITION;Horizontal walls of ray parenchyma cells;Distinctly pitted;;Softwood;IAWA;;88;;;
IFC-211;RAY COMPOSITION;Indentures;Indentures Present;;Softwood;IAWA;;89;;;
IFC-212;CROSS-FIELD PITTING;Cross-field pitting (according to Phillips 1948, amended by Vogel 1995);“Window-like” (fenestriform);;Softwood;IAWA;;90;;;
IFC-213;CROSS-FIELD PITTING;Cross-field pitting (according to Phillips 1948, amended by Vogel 1995);Pinoid;;Softwood;IAWA;;91;;;
IFC-214;CROSS-FIELD PITTING;Cross-field pitting (according to Phillips 1948, amended by Vogel 1995);Piceoid;;Softwood;IAWA;;92;;;
IFC-215;CROSS-FIELD PITTING;Cross-field pitting (according to Phillips 1948, amended by Vogel 1995);Cupressoid;;Softwood;IAWA;;93;;;
IFC-216;CROSS-FIELD PITTING;Cross-field pitting (according to Phillips 1948, amended by Vogel 1995);Taxodioid;;Softwood;IAWA;;94;;;
IFC-217;CROSS-FIELD PITTING;Cross-field pitting (according to Phillips 1948, amended by Vogel 1995);Araucarioid;;Softwood;IAWA;;95;;;
IFC-218;CROSS-FIELD PITTING;Number of pits per cross-field;Number of pits per cross-field (earlywood tracheids only) value;;Softwood;IAWA;;96;;Value;
IFC-219;CROSS-FIELD PITTING;Number of pits per cross-field (earlywood only – categories);(large window-like) 1–2;;Softwood;IAWA;;97;;;
IFC-220;CROSS-FIELD PITTING;Number of pits per cross-field (earlywood only – categories);1–3;;Softwood;IAWA;;98;;;
IFC-221;CROSS-FIELD PITTING;Number of pits per cross-field (earlywood only – categories);3–5;;Softwood;IAWA;;99;;;
IFC-222;CROSS-FIELD PITTING;Number of pits per cross-field (earlywood only – categories);6 or more;;Softwood;IAWA;;100;;;
IFC-223;RAY SIZE;Average ray height;Average ray height value (µm);;Softwood;IAWA;;101;;Value;
IFC-224;RAY SIZE;Average ray height (number of cells);Very low (up to 4 cells);;Softwood;IAWA;;102;;;
IFC-225;RAY SIZE;Average ray height (number of cells);Medium (5 to 15 cells);;Softwood;IAWA;;103;;;
IFC-226;RAY SIZE;Average ray height (number of cells);High (from 16 to 30 cells);;Softwood;IAWA;;104;;;
IFC-227;RAY SIZE;Average ray height (number of cells);Very high (more than 30 cells);;Softwood;IAWA;;105;;;
IFC-228;RAY SIZE;Average fusiform ray height;Average fusiform ray height value (µm);;Softwood;IAWA;;106;;Value;
IFC-229;RAY SIZE;Ray width (applies to rays without canals);Exclusively uniseriate;;Softwood;IAWA;;107;;;
IFC-230;RAY SIZE;Ray width (applies to rays without canals);2–3-seriate in part;;Softwood;IAWA;;108;;;
IFC-231;INTERCELLULAR CANALS;Axial intercellular (resin) canals;Axial canals Present;;Softwood;IAWA;;109;;;
IFC-232;INTERCELLULAR CANALS;Radial intercellular (resin) canals;Radial canals Present;;Softwood;IAWA;;110;;;
IFC-233;INTERCELLULAR CANALS;Traumatic (resin) canals ;Traumatic canals (axial or radial) Present;;Softwood;IAWA;;111;;;
IFC-234;INTERCELLULAR CANALS;Average diameter of normal axial intercellular canals;Tangential diameter, delimited by epithelial cells (Method A) (µm);;Softwood;IAWA;;112;;;
IFC-235;INTERCELLULAR CANALS;Average diameter of normal axial intercellular canals;Tangential diameter of entire resin canal complex (Method B) (µm);;Softwood;IAWA;;113;;;
IFC-236;INTERCELLULAR CANALS;Average diameter of normal axial intercellular canals;Radial diameter, delimited by epithelial cells (Method C) (µm);;Softwood;IAWA;;114;;;
IFC-237;INTERCELLULAR CANALS;Average diameter of normal radial intercellular canals;Average diameter of normal radial intercellular canals Value (µm);;Softwood;IAWA;;115;;;
IFC-238;INTERCELLULAR CANALS;Epithelial cells (of intercellular canals) ;Thick-walled;;Softwood;IAWA;;116;;;
IFC-239;INTERCELLULAR CANALS;Epithelial cells (of intercellular canals) ;Thin-walled;;Softwood;IAWA;;117;;;
IFC-240;MINERAL INCLUSIONS;Crystals;Crystals Present (Only search for presence);;Softwood;IAWA;;118;;;
IFC-241;MINERAL INCLUSIONS;Type of crystals;Prismatic;;Softwood;IAWA;;119;;;
IFC-242;MINERAL INCLUSIONS;Type of crystals;Druses;;Softwood;IAWA;;120;;;
IFC-243;MINERAL INCLUSIONS;Type of crystals;Other forms of crystals;;Softwood;IAWA;;121;;;
IFC-244;MINERAL INCLUSIONS;Crystals located in;Rays;;Softwood;IAWA;;122;;;
IFC-245;MINERAL INCLUSIONS;Crystals located in ;Axial parenchyma;;Softwood;IAWA;;123;;;
IFC-246;MINERAL INCLUSIONS;Crystals located in ;Cells associated with intercellular canals;;Softwood;IAWA;;124;;;
IFC-247;NON-ANATOMICAL INFORMATION;Geographical distribution;Europe and temperate Asia (Brazier and Franklin region 74);;;IAWA;164;1;;;
IFC-248;NON-ANATOMICAL INFORMATION;Geographical distribution;Europe, excluding Mediterranean;;;IAWA;165;2;;;
IFC-249;NON-ANATOMICAL INFORMATION;Geographical distribution;Mediterranean including Northern Africa and Middle East;;;IAWA;166;3;;;
IFC-250;NON-ANATOMICAL INFORMATION;Geographical distribution;Temperate Asia (China), Japan, USSR;;;IAWA;167;4;;;
IFC-251;NON-ANATOMICAL INFORMATION;Geographical distribution;Central South Asia (Brazier and Franklin region 75);;;IAWA;168;5;;;
IFC-252;NON-ANATOMICAL INFORMATION;Geographical distribution;India, Pakistan, Sri Lanka;;;IAWA;169;6;;;
IFC-253;NON-ANATOMICAL INFORMATION;Geographical distribution;Burma;;;IAWA;170;7;;;
IFC-254;NON-ANATOMICAL INFORMATION;Geographical distribution;Southeast Asia and the Pacific (Brazier and Franklin region 76);;;IAWA;171;8;;;
IFC-255;NON-ANATOMICAL INFORMATION;Geographical distribution;Thailand, Laos, Vietnam, Cambodia (Indochina);;;IAWA;172;9;;;
IFC-256;NON-ANATOMICAL INFORMATION;Geographical distribution;Indomalesia: Indonesia, Philippines, Malaysia, Brunei, Papua New Guinea, and Solomon Islands;;;IAWA;173;10;;;
IFC-257;NON-ANATOMICAL INFORMATION;Geographical distribution;Pacific Islands (including New Caledonia, Samoa, Hawaii, and Fiji);;;IAWA;174;11;;;
IFC-258;NON-ANATOMICAL INFORMATION;Geographical distribution;Australia and New Zealand (Brazier and Franklin region 77);;;IAWA;175;12;;;
IFC-259;NON-ANATOMICAL INFORMATION;Geographical distribution;Australia;;;IAWA;176;13;;;
IFC-260;NON-ANATOMICAL INFORMATION;Geographical distribution;New Zealand;;;IAWA;177;14;;;
IFC-261;NON-ANATOMICAL INFORMATION;Geographical distribution;Tropical mainland Africa and adjacent islands (Brazier and Franklin region 78);;;IAWA;178;15;;;
IFC-262;NON-ANATOMICAL INFORMATION;Geographical distribution;Tropical Africa;;;IAWA;179;16;;;
IFC-263;NON-ANATOMICAL INFORMATION;Geographical distribution;Madagascar & Mauritius, Réunion & Comores;;;IAWA;180;17;;;
IFC-264;NON-ANATOMICAL INFORMATION;Geographical distribution;Southern Africa (south of the Tropic of Capricorn) (Brazier and Franklin region 79);;;IAWA;181;18;;;
IFC-265;NON-ANATOMICAL INFORMATION;Geographical distribution;North America, north of Mexico (Brazier and Franklin region 80);;;IAWA;182;19;;;
IFC-266;NON-ANATOMICAL INFORMATION;Geographical distribution;Neotropics and temperate Brazil (Brazier and Franklin region 81);;;IAWA;183;20;;;
IFC-267;NON-ANATOMICAL INFORMATION;Geographical distribution;Mexico and Central America;;;IAWA;184;21;;;
IFC-268;NON-ANATOMICAL INFORMATION;Geographical distribution;Caribbean;;;IAWA;185;22;;;
IFC-269;NON-ANATOMICAL INFORMATION;Geographical distribution;Tropical South America;;;IAWA;186;23;;;
IFC-270;NON-ANATOMICAL INFORMATION;Geographical distribution;Southern Brazil;;;IAWA;187;24;;;
IFC-271;NON-ANATOMICAL INFORMATION;Geographical distribution;Temperate South America including Argentina, Chile, Uruguay, and S. Paraguay (Brazier and Franklin region 82);;;IAWA;188;25;;;
IFC-272;NON-ANATOMICAL INFORMATION;Habit;Tree;;Hardwood;IAWA;189;;174;;
IFC-273;NON-ANATOMICAL INFORMATION;Habit;Shrub;;Hardwood;IAWA;190;;175;;
IFC-274;NON-ANATOMICAL INFORMATION;Habit;Vine/liana;;Hardwood;IAWA;191;;176;;
IFC-275;NON-ANATOMICAL INFORMATION;Wood of commercial importance;Wood of commercial importance;;Hardwood;IAWA;192;;;;
IFC-276;NON-ANATOMICAL INFORMATION;Specific gravity;Basic specific gravity low, ? 0.40;;Hardwood;IAWA;193;;;;
IFC-277;NON-ANATOMICAL INFORMATION;Specific gravity;Basic specific gravity medium, 0.40–0.75;;Hardwood;IAWA;194;;;;
IFC-278;NON-ANATOMICAL INFORMATION;Specific gravity;Basic specific gravity high, ? 0.75;;Hardwood;IAWA;195;;;;
IFC-279;NON-ANATOMICAL INFORMATION;Heartwood colour;Heartwood colour darker than sapwood colour;;Hardwood;IAWA;196;;;;
IFC-280;NON-ANATOMICAL INFORMATION;Heartwood colour;Heartwood basically brown or shades of brown;;;IAWA;197;26;;;
IFC-281;NON-ANATOMICAL INFORMATION;Heartwood colour;Heartwood basically red or shades of red;;;IAWA;198;27;;;
IFC-282;NON-ANATOMICAL INFORMATION;Heartwood colour;Heartwood basically yellow or shades of yellow;;;IAWA;199;28;;;
IFC-283;NON-ANATOMICAL INFORMATION;Heartwood colour;Heartwood basically white to grey;;Hardwood;IAWA;200;;;;
IFC-284;NON-ANATOMICAL INFORMATION;Heartwood colour;Heartwood with streaks;;;IAWA;201;34;;;
IFC-285;NON-ANATOMICAL INFORMATION;Heartwood colour;Heartwood not as above;;Hardwood;IAWA;202;;;;
IFC-286;NON-ANATOMICAL INFORMATION;Heartwood colour;Light coloured (whitish, creamy, grey);;Softwood;IAWA;;29;;;
IFC-287;NON-ANATOMICAL INFORMATION;Heartwood colour;Purple or shades of purple;;Softwood;IAWA;;30;;;
IFC-288;NON-ANATOMICAL INFORMATION;Heartwood colour;Other than above;;Softwood;IAWA;;31;;;
IFC-289;NON-ANATOMICAL INFORMATION;Difference between heartwood and sapwood colour;Heartwood colour similar to sapwood colour;;Softwood;IAWA;;32;;;
IFC-290;NON-ANATOMICAL INFORMATION;Difference between heartwood and sapwood colour;Heartwood colour distinct from sapwood colour;;Softwood;IAWA;;33;;;
IFC-291;NON-ANATOMICAL INFORMATION;Odour;Distinct odour;;;IAWA;203;35;;;
IFC-292;NON-ANATOMICAL INFORMATION;Average air-dry density / basic specific gravity;Value (g/m3);;Softwood;IAWA;;36;;Value;
IFC-293;NON-ANATOMICAL INFORMATION;Average air-dry density (g/cm3);Less than 0.48 (g/cm3);;Softwood;IAWA;;37;;;
IFC-294;NON-ANATOMICAL INFORMATION;Average air-dry density (g/cm3);0.48–0.60 (g/cm3);;Softwood;IAWA;;38;;;
IFC-295;NON-ANATOMICAL INFORMATION;Average air-dry density (g/cm3);Above 0.60 (g/cm3);;Softwood;IAWA;;39;;;
IFC-296;NON-ANATOMICAL INFORMATION;Heartwood fluorescence;Heartwood fluorescent;;Hardwood;IAWA;204;;;;
IFC-297;NON-ANATOMICAL INFORMATION;Water & ethanol extracts: fluorescence & colour;Water extract fluorescent;;Hardwood;IAWA;205;;;;
IFC-298;NON-ANATOMICAL INFORMATION;Water & ethanol extracts: fluorescence & colour;Water extract basically colourless to brown or shades of brown;;Hardwood;IAWA;206;;;;
IFC-299;NON-ANATOMICAL INFORMATION;Water & ethanol extracts: fluorescence & colour;Water extract basically red or shades of red;;Hardwood;IAWA;207;;;;
IFC-300;NON-ANATOMICAL INFORMATION;Water & ethanol extracts: fluorescence & colour;Water extract basically yellow or shades of yellow;;Hardwood;IAWA;208;;;;
IFC-301;NON-ANATOMICAL INFORMATION;Water & ethanol extracts: fluorescence & colour;Water extract not as above;;Hardwood;IAWA;209;;;;
IFC-302;NON-ANATOMICAL INFORMATION;Water & ethanol extracts: fluorescence & colour;Ethanol extract fluorescent;;Hardwood;IAWA;210;;;;
IFC-303;NON-ANATOMICAL INFORMATION;Water & ethanol extracts: fluorescence & colour;Ethanol extract basically colourless to brown or shades of brown;;Hardwood;IAWA;211;;;;
IFC-304;NON-ANATOMICAL INFORMATION;Water & ethanol extracts: fluorescence & colour;Ethanol extract basically red or shades of red;;Hardwood;IAWA;212;;;;
IFC-305;NON-ANATOMICAL INFORMATION;Water & ethanol extracts: fluorescence & colour;Ethanol extract basically yellow or shades of yellow;;Hardwood;IAWA;213;;;;
IFC-306;NON-ANATOMICAL INFORMATION;Water & ethanol extracts: fluorescence & colour;Ethanol extract not as above;;Hardwood;IAWA;214;;;;
IFC-307;NON-ANATOMICAL INFORMATION;Froth test ;Froth test positive;;Hardwood;IAWA;215;;;;
IFC-308;NON-ANATOMICAL INFORMATION;Chrome Azurol-S test;Chrome Azurol-S test positive;;Hardwood;IAWA;216;;;;
IFC-309;NON-ANATOMICAL INFORMATION;Burning splinter test;Splinter burns to charcoal;;Hardwood;IAWA;217;;;;
IFC-310;NON-ANATOMICAL INFORMATION;Burning splinter test;Splinter burns to a full ash: Colour of ash bright white;;Hardwood;IAWA;218;;;;
IFC-311;NON-ANATOMICAL INFORMATION;Burning splinter test;Splinter burns to a full ash: Colour of ash yellow-brown;;Hardwood;IAWA;219;;;;
IFC-312;NON-ANATOMICAL INFORMATION;Burning splinter test;Splinter burns to a full ash: Colour of ash other than above;;Hardwood;IAWA;220;;;;
IFC-313;NON-ANATOMICAL INFORMATION;Burning splinter test;Splinter burns to a partial ash;;Hardwood;IAWA;221;;;;
IFC-314;SIEVE-TUBE ELEMENTS AND COMPANION CELLS;Sieve-tube grouping and distribution;solitary and in small groups;;Bark;IAWA;;;1;;
IFC-315;SIEVE-TUBE ELEMENTS AND COMPANION CELLS;Sieve-tube grouping and distribution;In radial rows;;Bark;IAWA;;;2;;
IFC-316;SIEVE-TUBE ELEMENTS AND COMPANION CELLS;Sieve-tube grouping and distribution;In tangential bands;;Bark;IAWA;;;3;;
IFC-317;SIEVE-TUBE ELEMENTS AND COMPANION CELLS;Sieve-tube grouping and distribution;In clusters;;Bark;IAWA;;;4;;
IFC-318;SIEVE-TUBE ELEMENTS AND COMPANION CELLS;Sieve plate complement;All sieve plates simple;;Bark;IAWA;;;5;;
IFC-319;SIEVE-TUBE ELEMENTS AND COMPANION CELLS;Sieve plate complement;Simple and scalariform or reticulate (compound) sieve plates present;;Bark;IAWA;;;6;;
IFC-320;SIEVE-TUBE ELEMENTS AND COMPANION CELLS;Sieve plate complement;All sieve plates scalariform;;Bark;IAWA;;;7;;
IFC-321;SIEVE-TUBE ELEMENTS AND COMPANION CELLS;Sieve plate complement;Scalariform plates with < 10 sieve areas;;Bark;IAWA;;;8;;
IFC-322;SIEVE-TUBE ELEMENTS AND COMPANION CELLS;Sieve plate complement;Scalariform with ? 10 sieve areas;;Bark;IAWA;;;9;;
IFC-323;SIEVE-TUBE ELEMENTS AND COMPANION CELLS;Sieve plate complement;Reticulate sieve plates present;;Bark;IAWA;;;10;;
IFC-324;SIEVE-TUBE ELEMENTS AND COMPANION CELLS;Sieve plate inclination;Transverse and/or slightly inclined;;Bark;IAWA;;;11;;
IFC-325;SIEVE-TUBE ELEMENTS AND COMPANION CELLS;Sieve plate inclination;Strongly inclined;;Bark;IAWA;;;12;;
IFC-326;SIEVE-TUBE ELEMENTS AND COMPANION CELLS;Other sieve-tube features;Nacreous walls;;Bark;IAWA;;;13;;
IFC-327;SIEVE-TUBE ELEMENTS AND COMPANION CELLS;Other sieve-tube features;Sieve-tube size (area and/or diameter);;Bark;IAWA;;;14;;
IFC-328;SIEVE-TUBE ELEMENTS AND COMPANION CELLS;Other sieve-tube features;Sieve-tube element length;;Bark;IAWA;;;15;;
IFC-329;SIEVE-TUBE ELEMENTS AND COMPANION CELLS;Companion cells;One companion cell per sieve-tube element;;Bark;IAWA;;;16;;
IFC-330;SIEVE-TUBE ELEMENTS AND COMPANION CELLS;Companion cells;Two companion cells on opposite sides of the sieve tube;;Bark;IAWA;;;17;;
IFC-331;SIEVE-TUBE ELEMENTS AND COMPANION CELLS;Companion cells;Two or more companion cells lying along the sieve tube;;Bark;IAWA;;;18;;
IFC-332;SIEVE-TUBE ELEMENTS AND COMPANION CELLS;Companion cells;Companion cells fusiform;;Bark;IAWA;;;19;;
IFC-333;SIEVE-TUBE ELEMENTS AND COMPANION CELLS;Companion cells;Companion cells in strands of 2 cells;;Bark;IAWA;;;20;;
IFC-334;SIEVE-TUBE ELEMENTS AND COMPANION CELLS;Companion cells;Companion cells in strands of > 2 cells;;Bark;IAWA;;;21;;
IFC-335;SIEVE-TUBE ELEMENTS AND COMPANION CELLS;Sieve cells;Sieve cell size (area and/or diameter);;Bark;IAWA;;;22;;
IFC-336;SIEVE-TUBE ELEMENTS AND COMPANION CELLS;Sieve cells;Sieve cell length;;Bark;IAWA;;;23;;
IFC-337;SIEVE-TUBE ELEMENTS AND COMPANION CELLS;Strasburger cells;strasburger cells present;;Bark;IAWA;;;24;;
IFC-338;SIEVE-TUBE ELEMENTS AND COMPANION CELLS;Dilatation phenomena;In the rays;;Bark;IAWA;;;25;;
IFC-339;SIEVE-TUBE ELEMENTS AND COMPANION CELLS;Dilatation phenomena;In the rays by cell expansion only;;Bark;IAWA;;;26;;
IFC-340;SIEVE-TUBE ELEMENTS AND COMPANION CELLS;Dilatation phenomena;In the rays by anticlinal cell division and cell expansion;;Bark;IAWA;;;27;;
IFC-341;SIEVE-TUBE ELEMENTS AND COMPANION CELLS;Dilatation phenomena;In axial parenchyma;;Bark;IAWA;;;28;;
IFC-342;SIEVE-TUBE ELEMENTS AND COMPANION CELLS;Dilatation phenomena;In both axial parenchyma and rays;;Bark;IAWA;;;29;;
IFC-343;SIEVE-TUBE ELEMENTS AND COMPANION CELLS;Dilatation phenomena;In the cortex and/or epidermis;;Bark;IAWA;;;30;;
IFC-344;AXIAL PARENCHYMA;Parenchyma distribution;Diffuse and diffuse-in-aggregates;;Bark;IAWA;;;31;;
IFC-345;AXIAL PARENCHYMA;Parenchyma distribution;Narrow bands;;Bark;IAWA;;;32;;
IFC-346;AXIAL PARENCHYMA;Parenchyma distribution;Broad bands;;Bark;IAWA;;;33;;
IFC-347;AXIAL PARENCHYMA;Parenchyma distribution;Sieve-tube-centric;;Bark;IAWA;;;34;;
IFC-348;AXIAL PARENCHYMA;Parenchyma distribution;Axial parenchyma constitutes the ground tissue;;Bark;IAWA;;;35;;
IFC-349;AXIAL PARENCHYMA;Parenchyma strand length;Fusiform or two cells per parenchyma strand;;Bark;IAWA;;;36;;
IFC-350;AXIAL PARENCHYMA;Parenchyma strand length;3–4 cells per parenchyma strand;;Bark;IAWA;;;37;;
IFC-351;AXIAL PARENCHYMA;Parenchyma strand length;5–8 cells per parenchyma strand;;Bark;IAWA;;;38;;
IFC-352;AXIAL PARENCHYMA;Parenchyma strand length;Over eight cells per parenchyma strand;;Bark;IAWA;;;39;;
IFC-353;RAYS;Course of rays;Straight;;Bark;IAWA;;;40;;
IFC-354;RAYS;Course of rays;Undulated or wavy;;Bark;IAWA;;;41;;
IFC-355;RAYS;Ray dilatation;(seemingly) Absent;;Bark;IAWA;;;42;;
IFC-356;RAYS;Ray dilatation;Slightly dilated;;Bark;IAWA;;;43;;
IFC-357;RAYS;Ray dilatation;Strongly dilated (wedge-shaped);;Bark;IAWA;;;44;;
IFC-358;RAYS;Ray width and height;Rays exclusively uniseriate;;Bark;IAWA;;;45;;
IFC-359;RAYS;Ray width and height;Rays 1 to 3 cells wide;;Bark;IAWA;;;46;;
IFC-360;RAYS;Ray width and height;Larger rays commonly 4- to 10-seriate;;Bark;IAWA;;;47;;
IFC-361;RAYS;Ray width and height;Larger rays commonly > 10-seriate;;Bark;IAWA;;;48;;
IFC-362;RAYS;Ray width and height;Rays of two distinct sizes;;Bark;IAWA;;;49;;
IFC-363;RAYS;Ray width and height;Ray height (in mm);;Bark;IAWA;;;50;;
IFC-364;RAYS;Ray width and height;Rays of over 1 mm tall;;Bark;IAWA;;;51;;
IFC-365;RAYS;Ray composition;All ray cells procumbent;;Bark;IAWA;;;52;;
IFC-366;RAYS;Ray composition;All ray cells upright;;Bark;IAWA;;;53;;
IFC-367;RAYS;Ray composition;Body ray cells procumbent with one to many rows of upright and/or square marginal cells;;Bark;IAWA;;;54;;
IFC-368;RAYS;Ray composition;Rays with procumbent, square and upright cells mixed throughout the rays;;Bark;IAWA;;;55;;
IFC-369;RAYS;Ray composition;Sheath cells present;;Bark;IAWA;;;56;;
IFC-370;RAYS;Ray composition;Ray sieve-tube elements present;;Bark;IAWA;;;57;;
IFC-371;RAYS;Ray aggregation;Aggregate rays present;;Bark;IAWA;;;58;;
IFC-372;RAYS;Sclerification of rays;Absent;;Bark;IAWA;;;59;;
IFC-373;RAYS;Sclerification of rays;Ray cells sclerified only when touching axial sclerenchyma cells;;Bark;IAWA;;;60;;
IFC-374;RAYS;Sclerification of rays;Central or scattered groups of ray cells sclerified;;Bark;IAWA;;;61;;
IFC-375;RAYS;Sclerification of rays;(Almost) all ray cells sclerified;;Bark;IAWA;;;62;;
IFC-376;RAYS;Rays absent;phloem rayless;;Bark;IAWA;;;63;;
IFC-377;SCLERENCHYMA: FIBERS AND SCLEREIDS;Fibers, fiber-sclereids, and sclereids (cellular level);fibers present;;Bark;IAWA;;;64;;
IFC-378;SCLERENCHYMA: FIBERS AND SCLEREIDS;Fibers, fiber-sclereids, and sclereids (cellular level);Fiber shape rounded to polygonal;;Bark;IAWA;;;65;;
IFC-379;SCLERENCHYMA: FIBERS AND SCLEREIDS;Fibers, fiber-sclereids, and sclereids (cellular level);Fiber shape square;;Bark;IAWA;;;66;;
IFC-380;SCLERENCHYMA: FIBERS AND SCLEREIDS;Fibers, fiber-sclereids, and sclereids (cellular level);Fiber shape tangentially elongate;;Bark;IAWA;;;67;;
IFC-381;SCLERENCHYMA: FIBERS AND SCLEREIDS;Fibers, fiber-sclereids, and sclereids (cellular level);Septate fibers (and/or fiber-sclereids) present;;Bark;IAWA;;;68;;
IFC-382;SCLERENCHYMA: FIBERS AND SCLEREIDS;Fibers, fiber-sclereids, and sclereids (cellular level);Gelatinous fibers present;;Bark;IAWA;;;69;;
IFC-383;SCLERENCHYMA: FIBERS AND SCLEREIDS;Fibers, fiber-sclereids, and sclereids (cellular level);Fiber length;;Bark;IAWA;;;70;;
IFC-384;SCLERENCHYMA: FIBERS AND SCLEREIDS;Fibers, fiber-sclereids, and sclereids (cellular level);Sclereids present;;Bark;IAWA;;;71;;
IFC-385;SCLERENCHYMA: FIBERS AND SCLEREIDS;Fibers, fiber-sclereids, and sclereids (cellular level);Fiber-sclereids present;;Bark;IAWA;;;72;;
IFC-386;SCLERENCHYMA: FIBERS AND SCLEREIDS;Sclerification at the tissue level;Absent;;Bark;IAWA;;;73;;
IFC-387;SCLERENCHYMA: FIBERS AND SCLEREIDS;Sclerification at the tissue level;Present;;Bark;IAWA;;;74;;
IFC-388;SCLERENCHYMA: FIBERS AND SCLEREIDS;Sclerification at the tissue level;Fibers only;;Bark;IAWA;;;75;;
IFC-389;SCLERENCHYMA: FIBERS AND SCLEREIDS;Sclerification at the tissue level;Sclereids only;;Bark;IAWA;;;76;;
IFC-390;SCLERENCHYMA: FIBERS AND SCLEREIDS;Sclerification at the tissue level;Fibers and sclereids (including fiber-sclereids) mixed together;;Bark;IAWA;;;77;;
IFC-391;SCLERENCHYMA: FIBERS AND SCLEREIDS;Arrangement of fibers, fiber-sclereids and sclereids;Diffuse and diffuse-in-aggregates;;Bark;IAWA;;;78;;
IFC-392;SCLERENCHYMA: FIBERS AND SCLEREIDS;Arrangement of fibers, fiber-sclereids and sclereids;Clusters;;Bark;IAWA;;;79;;
IFC-393;SCLERENCHYMA: FIBERS AND SCLEREIDS;Arrangement of fibers, fiber-sclereids and sclereids;Tangential bands;;Bark;IAWA;;;80;;
IFC-394;SCLERENCHYMA: FIBERS AND SCLEREIDS;Arrangement of fibers, fiber-sclereids and sclereids;Fibers constituting the ground tissue of the secondary phloem;;Bark;IAWA;;;81;;
IFC-395;SCLERENCHYMA: FIBERS AND SCLEREIDS;Arrangement of fibers, fiber-sclereids and sclereids;Radial rows;;Bark;IAWA;;;82;;
IFC-396;SCLERENCHYMA: FIBERS AND SCLEREIDS;Fiber or fiber-sclereid band width;Narrow: 1–2 cells wide;;Bark;IAWA;;;83;;
IFC-397;SCLERENCHYMA: FIBERS AND SCLEREIDS;Fiber or fiber-sclereid band width;Medium: (2–)3–5 cells wide;;Bark;IAWA;;;84;;
IFC-398;SCLERENCHYMA: FIBERS AND SCLEREIDS;Fiber or fiber-sclereid band width;Wide: more than 5 cells wide;;Bark;IAWA;;;85;;
IFC-399;SCLERENCHYMA: FIBERS AND SCLEREIDS;Storied structure;Phloem elements nonstoried;;Bark;IAWA;;;86;;
IFC-400;SCLERENCHYMA: FIBERS AND SCLEREIDS;Storied structure;All rays, axial parenchyma and sieve-tube elements storied;;Bark;IAWA;;;87;;
IFC-401;SCLERENCHYMA: FIBERS AND SCLEREIDS;Storied structure;Low rays storied, high rays nonstoried;;Bark;IAWA;;;88;;
IFC-402;SCLERENCHYMA: FIBERS AND SCLEREIDS;Storied structure;Axial parenchyma and/or sieve elements storied;;Bark;IAWA;;;89;;
IFC-403;SCLERENCHYMA: FIBERS AND SCLEREIDS;Storied structure;Rays and/or axial elements irregularly storied;;Bark;IAWA;;;90;;
IFC-404;SCLERENCHYMA: FIBERS AND SCLEREIDS;Pericyclic and protophloem fibers and sclereids;pericycle remaining parenchymatous;;Bark;IAWA;;;91;;
IFC-405;SCLERENCHYMA: FIBERS AND SCLEREIDS;Pericyclic and protophloem fibers and sclereids;Pericycle with a ring of discrete fiber strands embedded in parenchyma;;Bark;IAWA;;;92;;
IFC-406;SCLERENCHYMA: FIBERS AND SCLEREIDS;Pericyclic and protophloem fibers and sclereids;Pericycle with a continuous or nearly continuous closed ring of fibers;;Bark;IAWA;;;93;;
IFC-407;SCLERENCHYMA: FIBERS AND SCLEREIDS;Pericyclic and protophloem fibers and sclereids;Pericycle with alternating groups of fibers and sclereids in a continuous or nearly continuous ring;;Bark;IAWA;;;94;;
IFC-408;SCLERENCHYMA: FIBERS AND SCLEREIDS;Variation in the location of the phloem;Intraxylary phloem present;;Bark;IAWA;;;95;;
IFC-409;SCLERENCHYMA: FIBERS AND SCLEREIDS;Variation in the location of the phloem;Phloem strands or bands produced by successive cambia present throughout the stem;;Bark;IAWA;;;96;;
IFC-410;SCLERENCHYMA: FIBERS AND SCLEREIDS;Variation in the location of the phloem;Interxylary phloem produced by a single cambium present throughout the stem;;Bark;IAWA;;;97;;
IFC-411;SCLERENCHYMA: FIBERS AND SCLEREIDS;Variation in the location of the phloem;Phloem wedges present;;Bark;IAWA;;;98;;
IFC-412;PERIDERM AND RHYTIDOME (OUTER BARK);Origins of the first periderm;Epidermal;;Bark;IAWA;;;99;;
IFC-413;PERIDERM AND RHYTIDOME (OUTER BARK);Origins of the first periderm;Subepidermal layer;;Bark;IAWA;;;100;;
IFC-414;PERIDERM AND RHYTIDOME (OUTER BARK);Origins of the first periderm;Second and third cortical layers;;Bark;IAWA;;;101;;
IFC-415;PERIDERM AND RHYTIDOME (OUTER BARK);Origins of the first periderm;Deep-seated: in inner cortex, endodermis, pericycle or the phloem;;Bark;IAWA;;;102;;
IFC-416;PERIDERM AND RHYTIDOME (OUTER BARK);Arrangement of sequent periderms in TS;reticulate;;Bark;IAWA;;;103;;
IFC-417;PERIDERM AND RHYTIDOME (OUTER BARK);Arrangement of sequent periderms in TS;Concentric;;Bark;IAWA;;;104;;
IFC-418;PERIDERM AND RHYTIDOME (OUTER BARK);Types of phellem cells;Phellem cells evenly thin-walled;;Bark;IAWA;;;105;;
IFC-419;PERIDERM AND RHYTIDOME (OUTER BARK);Types of phellem cells;Phellem cells evenly thick-walled and sclerified;;Bark;IAWA;;;106;;
IFC-420;PERIDERM AND RHYTIDOME (OUTER BARK);Types of phellem cells;Phellem cells with u-shaped wall thickenings;;Bark;IAWA;;;107;;
IFC-421;PERIDERM AND RHYTIDOME (OUTER BARK);Types of phellem cells;Phellem cells with inversely u-shaped wall thickenings;;Bark;IAWA;;;108;;
IFC-422;PERIDERM AND RHYTIDOME (OUTER BARK);Types of phellem cells;Phelloid cells present;;Bark;IAWA;;;109;;
IFC-423;PERIDERM AND RHYTIDOME (OUTER BARK);Stratification and aerenchyma in the phellem;Alternating bands of thin-walled and thick-walled phellem cells;;Bark;IAWA;;;110;;
IFC-424;PERIDERM AND RHYTIDOME (OUTER BARK);Stratification and aerenchyma in the phellem;Alternating layers of cells with and without dark contents;;Bark;IAWA;;;111;;
IFC-425;PERIDERM AND RHYTIDOME (OUTER BARK);Stratification and aerenchyma in the phellem;Phellem nonstratified;;Bark;IAWA;;;112;;
IFC-426;PERIDERM AND RHYTIDOME (OUTER BARK);Stratification and aerenchyma in the phellem;Phellem aerenchymatous;;Bark;IAWA;;;113;;
IFC-427;PERIDERM AND RHYTIDOME (OUTER BARK);Phelloderm thickness;Thin (1–3 cell layers);;Bark;IAWA;;;114;;
IFC-428;PERIDERM AND RHYTIDOME (OUTER BARK);Phelloderm thickness;Thick (more than 3 cell layers);;Bark;IAWA;;;115;;
IFC-429;PERIDERM AND RHYTIDOME (OUTER BARK);Cell types and phelloderm stratification;Phelloderm cells parenchymatous;;Bark;IAWA;;;116;;
IFC-430;PERIDERM AND RHYTIDOME (OUTER BARK);Cell types and phelloderm stratification;Phelloderm cell walls evenly thickened and sclerified;;Bark;IAWA;;;117;;
IFC-431;PERIDERM AND RHYTIDOME (OUTER BARK);Cell types and phelloderm stratification;Phelloderm cells sclerified with U-shaped or inversely U-shaped wall thick-enings;;Bark;IAWA;;;118;;
IFC-432;PERIDERM AND RHYTIDOME (OUTER BARK);Cell types and phelloderm stratification;Phelloderm consisting of alternating sclerified or nonsclerified cell layers;;Bark;IAWA;;;119;;
IFC-433;PERIDERM AND RHYTIDOME (OUTER BARK);Cell types and phelloderm stratification;Phelloderm and phellem cells square and/or rectangular (tangentially elon-gate);;Bark;IAWA;;;120;;
IFC-434;PERIDERM AND RHYTIDOME (OUTER BARK);Cell types and phelloderm stratification;Phelloderm and phellem cells radially elongate;;Bark;IAWA;;;121;;
IFC-435;PERIDERM AND RHYTIDOME (OUTER BARK);Lenticels;Filling tisssue nonstratified (homogeneous) and suberized;;Bark;IAWA;;;122;;
IFC-436;PERIDERM AND RHYTIDOME (OUTER BARK);Lenticels;Filling tissue nonstratified (homogeneous) and largely nonsuberized;;Bark;IAWA;;;123;;
IFC-437;PERIDERM AND RHYTIDOME (OUTER BARK);Lenticels;Filling tissue stratified (heterogeneous);;Bark;IAWA;;;124;;
IFC-438;PERIDERM AND RHYTIDOME (OUTER BARK);Outgrowths of the bark;prickles present;;Bark;IAWA;;;125;;
IFC-439;PERIDERM AND RHYTIDOME (OUTER BARK);Outgrowths of the bark;Prickles originating from the cortex;;Bark;IAWA;;;126;;
IFC-440;PERIDERM AND RHYTIDOME (OUTER BARK);Outgrowths of the bark;Prickles originating from the phellogen;;Bark;IAWA;;;127;;
IFC-441;PERIDERM AND RHYTIDOME (OUTER BARK);Outgrowths of the bark;Winged bark present;;Bark;IAWA;;;128;;
IFC-442;MINERAL AND ORGANIC INCLUSIONS;Crystal shape;Prismatic crystals;;Bark;IAWA;;;129;;
IFC-443;MINERAL AND ORGANIC INCLUSIONS;Crystal shape;Druses;;Bark;IAWA;;;130;;
IFC-444;MINERAL AND ORGANIC INCLUSIONS;Crystal shape;Raphides;;Bark;IAWA;;;131;;
IFC-445;MINERAL AND ORGANIC INCLUSIONS;Crystal shape;Acicular crystals;;Bark;IAWA;;;132;;
IFC-446;MINERAL AND ORGANIC INCLUSIONS;Crystal shape;Styloids and elongated crystals;;Bark;IAWA;;;133;;
IFC-447;MINERAL AND ORGANIC INCLUSIONS;Crystal shape;Crystal sand;;Bark;IAWA;;;134;;
IFC-448;MINERAL AND ORGANIC INCLUSIONS;Crystals of other shapes (mostly small);Cubical crystals;;Bark;IAWA;;;135;;
IFC-449;MINERAL AND ORGANIC INCLUSIONS;Crystals of other shapes (mostly small);Navicular crystals;;Bark;IAWA;;;136;;
IFC-450;MINERAL AND ORGANIC INCLUSIONS;Crystals of other shapes (mostly small);Spindle-shaped crystals;;Bark;IAWA;;;137;;
IFC-451;MINERAL AND ORGANIC INCLUSIONS;Crystals of other shapes (mostly small);Pyramidal crystals;;Bark;IAWA;;;138;;
IFC-452;MINERAL AND ORGANIC INCLUSIONS;Crystals of other shapes (mostly small);Diamond-shaped crystals;;Bark;IAWA;;;139;;
IFC-453;MINERAL AND ORGANIC INCLUSIONS;Crystals of other shapes (mostly small);Tabular crystals;;Bark;IAWA;;;140;;
IFC-454;MINERAL AND ORGANIC INCLUSIONS;Crystals of other shapes (mostly small);Indented and twinned crystals;;Bark;IAWA;;;141;;
IFC-455;MINERAL AND ORGANIC INCLUSIONS;Crystals of other shapes (mostly small);Acicular crystals in variously-shaped aggregates;;Bark;IAWA;;;142;;
IFC-456;MINERAL AND ORGANIC INCLUSIONS;Crystals of other shapes (mostly small);Sphaerites or sphaerocrystals;;Bark;IAWA;;;143;;
IFC-457;MINERAL AND ORGANIC INCLUSIONS;Distribution of mineral inclusions;In single axial parenchyma cells;;Bark;IAWA;;;146;;
IFC-458;MINERAL AND ORGANIC INCLUSIONS;Distribution of mineral inclusions;In chambered axial parenchyma cells;;Bark;IAWA;;;147;;
IFC-459;MINERAL AND ORGANIC INCLUSIONS;Distribution of mineral inclusions;In ray parenchyma cells;;Bark;IAWA;;;148;;
IFC-460;MINERAL AND ORGANIC INCLUSIONS;Distribution of mineral inclusions;In fibers;;Bark;IAWA;;;149;;
IFC-461;MINERAL AND ORGANIC INCLUSIONS;Distribution of mineral inclusions;In sclereids;;Bark;IAWA;;;150;;
IFC-462;MINERAL AND ORGANIC INCLUSIONS;Distribution of mineral inclusions;In cristarque cells;;Bark;IAWA;;;151;;
IFC-463;MINERAL AND ORGANIC INCLUSIONS;Distribution of mineral inclusions;In cell walls;;Bark;IAWA;;;152;;
IFC-464;MINERAL AND ORGANIC INCLUSIONS;Distribution of mineral inclusions;In cortical cells;;Bark;IAWA;;;153;;
IFC-465;MINERAL AND ORGANIC INCLUSIONS;Distribution of mineral inclusions;In phelloderm cells;;Bark;IAWA;;;154;;
IFC-466;MINERAL AND ORGANIC INCLUSIONS;Distribution of mineral inclusions;In phellem cells;;Bark;IAWA;;;155;;
IFC-467;MINERAL AND ORGANIC INCLUSIONS;Organic inclusions;Starch;;Bark;IAWA;;;156;;
IFC-468;MINERAL AND ORGANIC INCLUSIONS;Organic inclusions;Fructans including inulin;;Bark;IAWA;;;157;;
IFC-469;MINERAL AND ORGANIC INCLUSIONS;Secretory structures;Secretory cells;;Bark;IAWA;;;158;;
IFC-470;MINERAL AND ORGANIC INCLUSIONS;Secretory structures;Oil cells;;Bark;IAWA;;;159;;
IFC-471;MINERAL AND ORGANIC INCLUSIONS;Secretory structures;Mucilage cells;;Bark;IAWA;;;160;;
IFC-472;MINERAL AND ORGANIC INCLUSIONS;Secretory structures;Tannin cells;;Bark;IAWA;;;161;;
IFC-473;MINERAL AND ORGANIC INCLUSIONS;Secretory structures;Myrosin cells;;Bark;IAWA;;;162;;
IFC-474;MINERAL AND ORGANIC INCLUSIONS;Secretory structures;Laticifers;;Bark;IAWA;;;163;;
IFC-475;MINERAL AND ORGANIC INCLUSIONS;Secretory structures;Nonarticulated laticifers (latex cells);;Bark;IAWA;;;164;;
IFC-476;MINERAL AND ORGANIC INCLUSIONS;Secretory structures;Articulated laticifers (latex vessels);;Bark;IAWA;;;165;;
IFC-477;MINERAL AND ORGANIC INCLUSIONS;Secretory structures;Tanniniferous tubes/tubules;;Bark;IAWA;;;166;;
IFC-478;MINERAL AND ORGANIC INCLUSIONS;Secretory structures;Secretory intercellular spaces (canals/ducts and cavities);;Bark;IAWA;;;167;;
IFC-479;MINERAL AND ORGANIC INCLUSIONS;Secretory structures;Secretory epithelium present;;Bark;IAWA;;;168;;
IFC-480;MINERAL AND ORGANIC INCLUSIONS;Secretory structures;Resin ducts;;Bark;IAWA;;;169;;
IFC-481;MINERAL AND ORGANIC INCLUSIONS;Secretory structures;Gum ducts;;Bark;IAWA;;;170;;
IFC-482;MINERAL AND ORGANIC INCLUSIONS;Secretory structures;Mucilage cavities or canals;;Bark;IAWA;;;171;;
IFC-483;MINERAL AND ORGANIC INCLUSIONS;Secretory structures;Breakdown ray areas;;Bark;IAWA;;;172;;
IFC-484;MINERAL AND ORGANIC INCLUSIONS;Secretory structures;Kino veins;;Bark;IAWA;;;173;;
IFC-485;NON-ANATOMICAL INFORMATION;Common legend for the staining used in the color plates;ab/s = Astra-blue and safranin;;Bark;IAWA;;;;;
IFC-486;NON-ANATOMICAL INFORMATION;Common legend for the staining used in the color plates;acb/s = Alcian blue and safranin;;Bark;IAWA;;;;;
IFC-487;NON-ANATOMICAL INFORMATION;Common legend for the staining used in the color plates;cv = crystal violet;;Bark;IAWA;;;;;
IFC-488;NON-ANATOMICAL INFORMATION;Common legend for the staining used in the color plates;fg/s = fast-green and safranin;;Bark;IAWA;;;;;
IFC-489;NON-ANATOMICAL INFORMATION;Common legend for the staining used in the color plates;h/mg = Hematoxylin & malachite green;;Bark;IAWA;;;;;
IFC-490;NON-ANATOMICAL INFORMATION;Common legend for the staining used in the color plates;lb/s = light blue and safranin;;Bark;IAWA;;;;;
IFC-491;NON-ANATOMICAL INFORMATION;Common legend for the staining used in the color plates;n = Natural (unstained);;Bark;IAWA;;;;;
IFC-492;NON-ANATOMICAL INFORMATION;Common legend for the staining used in the color plates;og/cv = orange G and crystal violet;;Bark;IAWA;;;;;
IFC-493;NON-ANATOMICAL INFORMATION;Common legend for the staining used in the color plates;rb/fc = resorcine blue and ferric chloride;;Bark;IAWA;;;;;
IFC-494;NON-ANATOMICAL INFORMATION;Common legend for the staining used in the color plates;s = Safranin;;Bark;IAWA;;;;;
IFC-495;NON-ANATOMICAL INFORMATION;Common legend for the staining used in the color plates;tb = toluidine blue;;Bark;IAWA;;;;;
IFG-1;;;NON-ANATOMICAL INFORMATION;;;IAWA;;;;;
IFG-2;;;MINERAL AND ORGANIC INCLUSIONS;;;IAWA;;;;;
IFG-3;;;GROWTH RINGS;;;IAWA;;;;;
IFG-4;;;VESSELS;;;IAWA;;;;;
IFG-5;;;TRACHEIDS AND FIBRES;;;IAWA;;;;;
IFG-6;;;AXIAL PARENCHYMA;;;IAWA;;;;;
IFG-7;;;RAY;;;IAWA;;;;;
IFG-8;;;STORIED STRUCTURE;;;IAWA;;;;;
IFG-9;;;SECRETORY ELEMENTS AND CAMBIAL VARIANTS;;;IAWA;;;;;
IFG-10;;;MINERAL INCLUSIONS;;;IAWA;;;;;
IFG-11;;;TRACHEIDS;;;IAWA;;;;;
IFG-12;;;HELICAL AND OTHER WALL THICKENINGS;;;IAWA;;;;;
IFG-13;;;AXIAL PARENCHYMA (excludes epithelial and subsidiary cells of canals);;;IAWA;;;;;
IFG-14;;;RAY COMPOSITION;;;IAWA;;;;;
IFG-15;;;CROSS-FIELD PITTING;;;IAWA;;;;;
IFG-16;;;RAY SIZE;;;IAWA;;;;;
IFG-17;;;INTERCELLULAR CANALS;;;IAWA;;;;;
IFG-18;;;SIEVE-TUBE ELEMENTS AND COMPANION CELLS;;;IAWA;;;;;
IFG-19;;;RAYS;;;IAWA;;;;;
IFG-20;;;SCLERENCHYMA: FIBERS AND SCLEREIDS;;;IAWA;;;;;
IFG-21;;;PERIDERM AND RHYTIDOME (OUTER BARK);;;IAWA;;;;;
IFG-22;;;MINERAL AND ORGANIC INCLUSIONS;;;IAWA;;;;;
IFG-23;;;Presence of growth ring boundaries;;;IAWA;;;;;
IFG-25;;;Porosity;;;IAWA;;;;;
IFG-28;;;Arrangement;;;IAWA;;;;;
IFG-31;;;Groupings;;;IAWA;;;;;
IFG-34;;;Outline;;;IAWA;;;;;
IFG-35;;;Perforation plates;;;IAWA;;;;;
IFG-42;;;Intervessel pits arrangement;;;IAWA;;;;;
IFG-46;;;Intervessel pits size (µm);;;IAWA;;;;;
IFG-51;;;Vestured pits;;;IAWA;;;;;
IFG-52;;;Vessel-ray pitting;;;IAWA;;;;;
IFG-58;;;Helical thickenings;;;IAWA;;;;;
IFG-62;;;Tangential diameter (µm);;;IAWA;;;;;
IFG-68;;;Vessel density (V/mm²);;;IAWA;;;;;
IFG-74;;;Mean vessel element length;;;IAWA;;;;;
IFG-78;;;Tyloses and deposits in vessels;;;IAWA;;;;;
IFG-81;;;Wood vesselless;;;IAWA;;;;;
IFG-82;;;Tracheids;;;IAWA;;;;;
IFG-83;;;Ground tissu fibres;;;IAWA;;;;;
IFG-87;;;Septate fibres;;;IAWA;;;;;
IFG-89;;;Parenchyma-like;;;IAWA;;;;;
IFG-90;;;Fibre wall thickness;;;IAWA;;;;;
IFG-93;;;Mean fibre lengths;;;IAWA;;;;;
IFG-97;;;Absent/rare;;;IAWA;;;;;
IFG-98;;;Apotracheal;;;IAWA;;;;;
IFG-100;;;Paratracheal;;;IAWA;;;;;
IFG-107;;;Banded wide;;;IAWA;;;;;
IFG-109;;;Banded pattern;;;IAWA;;;;;
IFG-112;;;Cell type / strand length;;;IAWA;;;;;
IFG-117;;;Unlignified;;;IAWA;;;;;
IFG-118;;;Ray width;;;IAWA;;;;;
IFG-123;;;Aggregate rays;;;IAWA;;;;;
IFG-124;;;Ray height;;;IAWA;;;;;
IFG-125;;;Rays of two distinct sizes;;;IAWA;;;;;
IFG-126;;;Rays: cellular composition;;;IAWA;;;;;
IFG-132;;;Other;;;IAWA;;;;;
IFG-136;;;Rays per millimetre;;;IAWA;;;;;
IFG-139;;;Wood rayless;;;IAWA;;;;;
IFG-140;;;Ray;;;IAWA;;;;;
IFG-142;;;Par - Vessel;;;IAWA;;;;;
IFG-143;;;Fibres;;;IAWA;;;;;
IFG-144;;;Irregular;;;IAWA;;;;;
IFG-146;;;Oil and mucilage cells;;;IAWA;;;;;
IFG-149;;;Intercellular canals;;;IAWA;;;;;
IFG-154;;;Tubes / tubules;;;IAWA;;;;;
IFG-155;;;Cambial variants;;;IAWA;;;;;
IFG-158;;;Prismatic crystals;;;IAWA;;;;;
IFG-166;;;Druses;;;IAWA;;;;;
IFG-171;;;Other crystal types;;;IAWA;;;;;
IFG-176;;;Other diagnostic crystal features;;;IAWA;;;;;
IFG-181;;;Silica;;;IAWA;;;;;
IFG-186;;;Transition from earlywood to latewood;;;IAWA;;;;;
IFG-188;;;Tracheid pitting in radial walls (in earlywood only);;;IAWA;;;;;
IFG-190;;;"Arrangement of (two or more seriate) tracheid pitting in radial walls (earlywood
only)";;;IAWA;;;;;
IFG-192;;;Organic deposits (in heartwood tracheids);;;IAWA;;;;;
IFG-193;;;tracheid length;;;IAWA;;;;;
IFG-194;;;Average longitudinal tracheid length (LT length);;;IAWA;;;;;
IFG-197;;;Intercellular spaces throughout the wood (transverse section);;;IAWA;;;;;
IFG-198;;;Latewood (LW) tracheid wall thickness (transverse section);;;IAWA;;;;;
IFG-199;;;Torus (pits in earlywood tracheids only);;;IAWA;;;;;
IFG-200;;;Pits with notched borders;;;IAWA;;;;;
IFG-201;;;Warty layer (visible under the light microscope);;;IAWA;;;;;
IFG-202;;;Helical thickenings in tracheids;;;IAWA;;;;;
IFG-203;;;Helical thickenings (in longitudinal tracheids - location);;;IAWA;;;;;
IFG-204;;;Helical thickenings (in longitudinal tracheids - whether single or grouped);;;IAWA;;;;;
IFG-205;;;Helical thickenings (in longitudinal tracheids - spacing, earlywood tracheids only);;;IAWA;;;;;
IFG-206;;;Helical thickenings in ray tracheids;;;IAWA;;;;;
IFG-207;;;Callitroid thickenings;;;IAWA;;;;;
IFG-208;;;Axial parenchyma (excl. epithelial and subsidiary cells of intercellular canals);;;IAWA;;;;;
IFG-209;;;Arrangement of axial parenchyma;;;IAWA;;;;;
IFG-210;;; Transverse end walls of axial parenchyma;;;IAWA;;;;;
IFG-211;;;Ray tracheids;;;IAWA;;;;;
IFG-212;;;Cell walls of ray tracheids;;;IAWA;;;;;
IFG-213;;;Ray tracheid pit borders angular or with dentate thickenings (radial section, Larix & Picea only);;;IAWA;;;;;
IFG-214;;;End walls of ray parenchyma cells;;;IAWA;;;;;
IFG-215;;;Horizontal walls of ray parenchyma cells;;;IAWA;;;;;
IFG-216;;;Indentures;;;IAWA;;;;;
IFG-217;;;Cross-field pitting (according to Phillips 1948, amended by Vogel 1995);;;IAWA;;;;;
IFG-218;;;Number of pits per cross-field;;;IAWA;;;;;
IFG-219;;;Number of pits per cross-field (earlywood only – categories);;;IAWA;;;;;
IFG-220;;;Average ray height;;;IAWA;;;;;
IFG-221;;;Average ray height (number of cells);;;IAWA;;;;;
IFG-222;;;Average fusiform ray height;;;IAWA;;;;;
IFG-223;;;Ray width (applies to rays without canals);;;IAWA;;;;;
IFG-224;;;Axial intercellular (resin) canals;;;IAWA;;;;;
IFG-225;;;Radial intercellular (resin) canals;;;IAWA;;;;;
IFG-226;;;Traumatic (resin) canals ;;;IAWA;;;;;
IFG-227;;;Average diameter of normal axial intercellular canals;;;IAWA;;;;;
IFG-228;;;Average diameter of normal radial intercellular canals;;;IAWA;;;;;
IFG-229;;;Epithelial cells (of intercellular canals) ;;;IAWA;;;;;
IFG-230;;;Crystals;;;IAWA;;;;;
IFG-231;;;Type of crystals;;;IAWA;;;;;
IFG-232;;;Crystals located in;;;IAWA;;;;;
IFG-233;;;Crystals located in ;;;IAWA;;;;;
IFG-234;;;Geographical distribution;;;IAWA;;;;;
IFG-235;;;Habit;;;IAWA;;;;;
IFG-236;;;Wood of commercial importance;;;IAWA;;;;;
IFG-237;;;Specific gravity;;;IAWA;;;;;
IFG-238;;;Heartwood colour;;;IAWA;;;;;
IFG-239;;;Difference between heartwood and sapwood colour;;;IAWA;;;;;
IFG-240;;;Odour;;;IAWA;;;;;
IFG-241;;;Average air-dry density / basic specific gravity;;;IAWA;;;;;
IFG-242;;;Average air-dry density (g/cm3);;;IAWA;;;;;
IFG-243;;;Heartwood fluorescence;;;IAWA;;;;;
IFG-244;;;Water & ethanol extracts: fluorescence & colour;;;IAWA;;;;;
IFG-245;;;Froth test ;;;IAWA;;;;;
IFG-246;;;Chrome Azurol-S test;;;IAWA;;;;;
IFG-247;;;Burning splinter test;;;IAWA;;;;;
IFG-248;;;Sieve-tube grouping and distribution;;;IAWA;;;;;
IFG-249;;;Sieve plate complement;;;IAWA;;;;;
IFG-250;;;Sieve plate inclination;;;IAWA;;;;;
IFG-251;;;Other sieve-tube features;;;IAWA;;;;;
IFG-252;;;Companion cells;;;IAWA;;;;;
IFG-253;;;Sieve cells;;;IAWA;;;;;
IFG-254;;;Strasburger cells;;;IAWA;;;;;
IFG-255;;;Dilatation phenomena;;;IAWA;;;;;
IFG-256;;;Parenchyma distribution;;;IAWA;;;;;
IFG-257;;;Parenchyma strand length;;;IAWA;;;;;
IFG-258;;;Course of rays;;;IAWA;;;;;
IFG-259;;;Ray dilatation;;;IAWA;;;;;
IFG-260;;;Ray width and height;;;IAWA;;;;;
IFG-261;;;Ray composition;;;IAWA;;;;;
IFG-262;;;Ray aggregation;;;IAWA;;;;;
IFG-263;;;Sclerification of rays;;;IAWA;;;;;
IFG-264;;;Rays absent;;;IAWA;;;;;
IFG-265;;;Fibers, fiber-sclereids, and sclereids (cellular level);;;IAWA;;;;;
IFG-266;;;Sclerification at the tissue level;;;IAWA;;;;;
IFG-267;;;Arrangement of fibers, fiber-sclereids and sclereids;;;IAWA;;;;;
IFG-268;;;Fiber or fiber-sclereid band width;;;IAWA;;;;;
IFG-269;;;Storied structure;;;IAWA;;;;;
IFG-270;;;Pericyclic and protophloem fibers and sclereids;;;IAWA;;;;;
IFG-271;;;Variation in the location of the phloem;;;IAWA;;;;;
IFG-272;;;Origins of the first periderm;;;IAWA;;;;;
IFG-273;;;Arrangement of sequent periderms in TS;;;IAWA;;;;;
IFG-274;;;Types of phellem cells;;;IAWA;;;;;
IFG-275;;;Stratification and aerenchyma in the phellem;;;IAWA;;;;;
IFG-276;;;Phelloderm thickness;;;IAWA;;;;;
IFG-277;;;Cell types and phelloderm stratification;;;IAWA;;;;;
IFG-278;;;Lenticels;;;IAWA;;;;;
IFG-279;;;Outgrowths of the bark;;;IAWA;;;;;
IFG-280;;;Crystal shape;;;IAWA;;;;;
IFG-281;;;Crystals of other shapes (mostly small);;;IAWA;;;;;
IFG-282;;;Distribution of mineral inclusions;;;IAWA;;;;;
IFG-283;;;Organic inclusions;;;IAWA;;;;;
IFG-284;;;Secretory structures;;;IAWA;;;;;
IFG-285;;;Common legend for the staining used in the color plates;;;IAWA;;;;;
